transaction_id,date,amount,account_id,description,category,risk_score,anomaly_flag
TXN100000,2025-08-08,1292.45,ACC4473,Salary Payment,Opex,0.356317900760898,False
TXN100001,2026-02-28,865.32,ACC6447,Consulting Services,Marketing,0.30092282573680007,False
TXN100002,2025-09-19,878.13,ACC9047,Office Supplies,Salary,0.27900754549741535,False
TXN100003,2025-08-29,1018.45,ACC1758,Salary Payment,Opex,0.35280010678971696,False
TXN100004,2025-06-04,1523.77,ACC5410,Office Supplies,Marketing,0.13056242857453093,False
TXN100005,2025-11-02,1427.35,ACC1578,Marketing Campaign,Travel,0.3945508121543685,False
TXN100006,2025-09-10,488.51,ACC4500,Travel Expenses,Marketing,0.35642704599549546,False
TXN100007,2025-05-30,718.0,ACC6016,Vendor Payment,Capex,0.25403837547169383,False
TXN100008,2026-04-01,1196.44,ACC1883,Vendor Payment,Salary,0.2150199068477138,False
TXN100009,2026-03-11,368.55,ACC5582,Software License,Marketing,0.3875252524833628,False
TXN100010,2025-07-15,1306.86,ACC3293,Travel Expenses,Marketing,0.2952152757358696,False
TXN100011,2026-04-01,911.19,ACC3393,Marketing Campaign,Marketing,0.11729844868337691,False
TXN100012,2025-05-26,1111.8,ACC9811,Vendor Payment,Capex,0.1466407606550915,False
TXN100013,2025-10-18,689.31,ACC6156,Consulting Services,Marketing,0.21996594596321456,False
TXN100014,2025-11-24,920.62,ACC3182,Client Refund,Salary,0.3988146928663332,False
TXN100015,2025-07-14,1342.94,ACC9350,Client Refund,Marketing,0.13748225639241085,False
TXN100016,2025-05-31,1213.1,ACC6910,Consulting Services,Opex,0.15209323971726402,False
TXN100017,2025-12-13,1307.9,ACC4263,Office Supplies,Capex,0.2739931391367896,False
TXN100018,2025-11-09,1156.81,ACC2152,Consulting Services,Capex,0.20072929765955883,False
TXN100019,2026-04-12,988.5,ACC5363,Client Refund,Marketing,0.13452637928090788,False
TXN100020,2026-02-03,892.52,ACC1637,Salary Payment,Salary,0.219657090707325,False
TXN100021,2025-11-11,1239.94,ACC3190,Equipment Purchase,Marketing,0.33442118206492666,False
TXN100022,2025-11-26,796.03,ACC6280,Salary Payment,Opex,0.13183156521447587,False
TXN100023,2025-11-04,847.03,ACC5054,Equipment Purchase,Opex,0.13241517722378246,False
TXN100024,2025-06-24,835.32,ACC8387,Marketing Campaign,Marketing,0.3161578171130777,False
TXN100025,2025-08-29,933.5,ACC4074,Equipment Purchase,Capex,0.3718179957046026,False
TXN100026,2025-07-08,1242.8,ACC7705,Salary Payment,Marketing,0.3727571124114185,False
TXN100027,2025-10-18,679.07,ACC6815,Equipment Purchase,Opex,0.12069774959262534,False
TXN100028,2025-12-15,1125.49,ACC6127,Software License,Opex,0.28064984771727625,False
TXN100029,2025-09-22,579.36,ACC3931,Office Supplies,Capex,0.27152022005870946,False
TXN100030,2025-11-09,1075.02,ACC1500,Marketing Campaign,Marketing,0.16319162365982598,False
TXN100031,2025-05-25,475.17,ACC7841,Salary Payment,Salary,0.3138410795281276,False
TXN100032,2025-11-14,865.59,ACC9749,Vendor Payment,Capex,0.22195903770114234,False
TXN100033,2025-07-02,943.95,ACC1544,Office Supplies,Capex,0.2740929348892591,False
TXN100034,2026-01-21,1019.17,ACC9032,Consulting Services,Travel,0.17832424160851812,False
TXN100035,2025-05-10,1166.51,ACC6709,Marketing Campaign,Marketing,0.16842557573417657,False
TXN100036,2025-12-07,1184.9,ACC2648,Marketing Campaign,Salary,0.10157678710438554,False
TXN100037,2026-01-26,801.79,ACC7372,Office Supplies,Travel,0.3025797830925593,False
TXN100038,2025-10-24,725.93,ACC9661,Salary Payment,Travel,0.36785791034026527,False
TXN100039,2025-06-13,1056.08,ACC3903,Office Supplies,Salary,0.17723908348702577,False
TXN100040,2025-08-09,985.63,ACC1852,Office Supplies,Travel,0.34919169960282276,False
TXN100041,2025-05-11,1226.7,ACC1475,Consulting Services,Travel,0.157852591733646,False
TXN100042,2026-01-02,1027.79,ACC7119,Equipment Purchase,Capex,0.1675984169301542,False
TXN100043,2025-11-05,1544.78,ACC8345,Marketing Campaign,Marketing,0.2582766339649236,False
TXN100044,2025-04-29,1114.74,ACC8827,Travel Expenses,Marketing,0.1617751786784863,False
TXN100045,2026-04-01,868.01,ACC7168,Office Supplies,Marketing,0.30741722043453135,False
TXN100046,2025-10-29,545.59,ACC8635,Client Refund,Marketing,0.11809825443427041,False
TXN100047,2025-09-10,1171.61,ACC7392,Client Refund,Opex,0.39414133786469985,False
TXN100048,2025-05-23,948.94,ACC8973,Software License,Capex,0.2193461031777495,False
TXN100049,2025-06-29,1570.71,ACC5937,Consulting Services,Salary,0.2174951508416146,False
TXN100050,2025-10-29,929.35,ACC6387,Software License,Opex,0.1219658157836427,False
TXN100051,2025-05-10,913.81,ACC6314,Vendor Payment,Capex,0.35838797472903294,False
TXN100052,2025-10-09,1305.75,ACC2711,Equipment Purchase,Travel,0.1376871370241955,False
TXN100053,2026-02-08,1415.48,ACC4099,Vendor Payment,Capex,0.16369144089903628,False
TXN100054,2025-04-18,962.85,ACC3336,Software License,Opex,0.29527006544612244,False
TXN100055,2025-09-30,959.12,ACC2786,Equipment Purchase,Marketing,0.23677607243500423,False
TXN100056,2025-12-29,1500.45,ACC1188,Software License,Salary,0.16987158987487555,False
TXN100057,2026-02-14,894.48,ACC4444,Travel Expenses,Travel,0.194297628362549,False
TXN100058,2025-09-20,1007.88,ACC4991,Marketing Campaign,Capex,0.22317168924512973,False
TXN100059,2025-10-15,1025.9,ACC6993,Client Refund,Opex,0.11631343937036485,False
TXN100060,2026-01-24,837.84,ACC7358,Vendor Payment,Capex,0.18149761738303594,False
TXN100061,2025-10-11,396.33,ACC6657,Office Supplies,Marketing,0.3395581165572967,False
TXN100062,2026-02-10,1052.66,ACC1224,Software License,Opex,0.39204140337668636,False
TXN100063,2026-02-08,1168.13,ACC5312,Marketing Campaign,Opex,0.27909541758914924,False
TXN100064,2026-01-13,1368.49,ACC8541,Marketing Campaign,Travel,0.3052842651429272,False
TXN100065,2025-06-22,1325.57,ACC6823,Equipment Purchase,Salary,0.26505819636461686,False
TXN100066,2025-04-25,1029.64,ACC1845,Vendor Payment,Marketing,0.31234231519994515,False
TXN100067,2025-11-16,965.75,ACC5657,Consulting Services,Opex,0.3552003667708036,False
TXN100068,2025-05-01,826.73,ACC2871,Travel Expenses,Travel,0.34336907097555763,False
TXN100069,2025-06-27,776.43,ACC2443,Software License,Marketing,0.28928210851379305,False
TXN100070,2025-11-26,1354.42,ACC9434,Client Refund,Salary,0.13336826600421625,False
TXN100071,2025-11-23,847.22,ACC3875,Software License,Salary,0.11441668002012793,False
TXN100072,2025-11-11,968.8,ACC8164,Consulting Services,Opex,0.27679017217487034,False
TXN100073,2025-06-03,1563.94,ACC4101,Office Supplies,Opex,0.38326244070851045,False
TXN100074,2025-10-29,873.45,ACC1787,Client Refund,Marketing,0.30485479482187056,False
TXN100075,2025-09-01,1090.84,ACC6254,Marketing Campaign,Capex,0.14775930845002785,False
TXN100076,2025-12-22,1101.56,ACC1971,Salary Payment,Opex,0.29941839904029544,False
TXN100077,2025-09-25,726.92,ACC2704,Software License,Marketing,0.1810867203239913,False
TXN100078,2025-05-11,1139.66,ACC6170,Salary Payment,Salary,0.26807906286487404,False
TXN100079,2025-08-10,406.03,ACC4672,Office Supplies,Capex,0.12022618383304265,False
TXN100080,2026-03-16,964.34,ACC3542,Travel Expenses,Travel,0.2477415862730454,False
TXN100081,2025-08-19,903.3,ACC1649,Marketing Campaign,Capex,0.21913883245374638,False
TXN100082,2025-05-09,1063.76,ACC9924,Equipment Purchase,Salary,0.3071973999882403,False
TXN100083,2025-09-01,822.97,ACC5647,Vendor Payment,Capex,0.22286678515172137,False
TXN100084,2025-06-28,749.65,ACC5686,Software License,Salary,0.15007580067409418,False
TXN100085,2025-10-19,831.08,ACC9164,Office Supplies,Marketing,0.2889886658262942,False
TXN100086,2026-01-16,1152.44,ACC1764,Equipment Purchase,Marketing,0.38033830326905294,False
TXN100087,2025-05-18,642.32,ACC7576,Marketing Campaign,Salary,0.21312431802926313,False
TXN100088,2025-08-25,1054.12,ACC5296,Marketing Campaign,Travel,0.3420543422195492,False
TXN100089,2025-09-01,947.46,ACC7439,Consulting Services,Opex,0.23491575880330326,False
TXN100090,2025-11-14,1169.76,ACC7063,Salary Payment,Capex,0.3608004701627072,False
TXN100091,2025-06-27,1034.67,ACC8388,Consulting Services,Capex,0.39445637439054615,False
TXN100092,2025-10-21,612.84,ACC7433,Software License,Opex,0.3302883541952223,False
TXN100093,2026-02-15,672.78,ACC6298,Client Refund,Marketing,0.16878800243208514,False
TXN100094,2025-07-05,780.19,ACC6181,Equipment Purchase,Capex,0.16008768211482063,False
TXN100095,2026-01-29,775.0,ACC3341,Equipment Purchase,Opex,0.13156984439570607,False
TXN100096,2025-07-03,1031.18,ACC8319,Travel Expenses,Capex,0.19616828830980776,False
TXN100097,2025-08-28,262.61,ACC2828,Software License,Capex,0.38040550804140894,False
TXN100098,2026-01-26,901.46,ACC7857,Client Refund,Opex,0.164383516381858,False
TXN100099,2025-05-05,607.86,ACC4070,Consulting Services,Capex,0.1793230369565555,False
TXN100100,2026-03-21,845.83,ACC4967,Vendor Payment,Opex,0.13809480376196515,False
TXN100101,2026-03-07,1456.51,ACC7869,Marketing Campaign,Capex,0.20211500592603793,False
TXN100102,2025-12-21,897.25,ACC2274,Vendor Payment,Salary,0.1307061245578333,False
TXN100103,2025-06-15,500.25,ACC1541,Office Supplies,Salary,0.22212549893467168,False
TXN100104,2026-03-28,1185.67,ACC8204,Software License,Opex,0.2585322931975973,False
TXN100105,2025-12-23,767.99,ACC5603,Client Refund,Marketing,0.13341335920757552,False
TXN100106,2025-08-29,226.96,ACC7937,Client Refund,Salary,0.27888265196076417,False
TXN100107,2026-03-14,1602.3,ACC7773,Office Supplies,Travel,0.2306593307980556,False
TXN100108,2025-12-02,607.16,ACC5347,Salary Payment,Travel,0.3288205393907029,False
TXN100109,2026-01-14,980.17,ACC3287,Software License,Capex,0.2743755825386089,False
TXN100110,2025-10-22,1364.62,ACC6360,Marketing Campaign,Salary,0.1078864847455543,False
TXN100111,2026-02-09,1316.71,ACC5498,Salary Payment,Travel,0.19345034315517112,False
TXN100112,2025-06-21,1427.93,ACC1834,Consulting Services,Opex,0.13348232296929438,False
TXN100113,2025-04-30,1059.21,ACC8178,Vendor Payment,Travel,0.31484207888032845,False
TXN100114,2025-05-10,910.41,ACC8969,Vendor Payment,Opex,0.1815408831682624,False
TXN100115,2026-04-17,944.49,ACC1294,Client Refund,Opex,0.3266303531771818,False
TXN100116,2026-01-18,854.81,ACC1101,Software License,Travel,0.2906863261494751,False
TXN100117,2025-10-19,1096.05,ACC1242,Marketing Campaign,Capex,0.14479182638282825,False
TXN100118,2026-01-08,558.96,ACC1922,Consulting Services,Travel,0.20716454364624837,False
TXN100119,2025-11-01,1125.31,ACC4169,Salary Payment,Marketing,0.17590354029156263,False
TXN100120,2025-10-13,509.24,ACC2689,Equipment Purchase,Salary,0.18263988316986937,False
TXN100121,2025-08-13,1634.27,ACC6294,Consulting Services,Travel,0.12126585144966608,False
TXN100122,2025-09-21,1683.83,ACC4545,Software License,Opex,0.21788399946268294,False
TXN100123,2025-07-17,1269.33,ACC8695,Travel Expenses,Marketing,0.3373861593990017,False
TXN100124,2026-04-18,613.75,ACC8078,Salary Payment,Opex,0.3495019335929074,False
TXN100125,2025-04-18,763.01,ACC7804,Software License,Marketing,0.18301721179686356,False
TXN100126,2025-05-07,595.46,ACC4592,Travel Expenses,Marketing,0.3882686950734904,False
TXN100127,2025-11-01,1326.65,ACC6230,Vendor Payment,Capex,0.14372330858624624,False
TXN100128,2026-01-13,974.8,ACC9232,Consulting Services,Travel,0.25996786605788014,False
TXN100129,2025-09-30,798.24,ACC5716,Client Refund,Salary,0.348115861498839,False
TXN100130,2025-10-04,1046.37,ACC5382,Vendor Payment,Capex,0.12047534718154204,False
TXN100131,2025-09-11,1126.77,ACC8208,Equipment Purchase,Marketing,0.10712664003923833,False
TXN100132,2025-04-29,1625.66,ACC1547,Equipment Purchase,Opex,0.12410787469966766,False
TXN100133,2025-10-02,765.99,ACC1385,Salary Payment,Salary,0.2173136181459911,False
TXN100134,2025-11-25,1607.82,ACC4576,Office Supplies,Marketing,0.1222633200662704,False
TXN100135,2025-07-15,933.66,ACC3335,Salary Payment,Capex,0.12314504255164137,False
TXN100136,2025-11-22,920.8,ACC7241,Vendor Payment,Travel,0.29112115531277494,False
TXN100137,2025-05-01,1105.06,ACC8479,Consulting Services,Marketing,0.22535516944017142,False
TXN100138,2025-12-28,566.44,ACC4353,Vendor Payment,Salary,0.2285485871046723,False
TXN100139,2025-06-16,727.72,ACC6696,Travel Expenses,Salary,0.3985746156228488,False
TXN100140,2025-12-08,1106.55,ACC3668,Office Supplies,Travel,0.12521782690705444,False
TXN100141,2025-07-28,758.13,ACC3383,Software License,Travel,0.24050433054924772,False
TXN100142,2026-04-13,1490.9,ACC5278,Office Supplies,Salary,0.36111243815557315,False
TXN100143,2026-03-24,870.51,ACC4906,Travel Expenses,Capex,0.36216710670708074,False
TXN100144,2025-10-04,1052.4,ACC6765,Office Supplies,Opex,0.2226165948383502,False
TXN100145,2025-10-14,608.01,ACC9551,Software License,Capex,0.23368983528940057,False
TXN100146,2025-10-30,928.54,ACC1824,Marketing Campaign,Opex,0.3364837036155588,False
TXN100147,2026-01-02,890.92,ACC7956,Salary Payment,Travel,0.2881410402610339,False
TXN100148,2025-05-16,569.94,ACC7765,Equipment Purchase,Marketing,0.36846265208570805,False
TXN100149,2025-09-04,950.07,ACC2609,Travel Expenses,Travel,0.27370083190086586,False
TXN100150,2026-03-13,1022.14,ACC9502,Equipment Purchase,Marketing,0.23297012679616527,False
TXN100151,2026-01-22,1034.52,ACC6513,Salary Payment,Capex,0.26532400084632346,False
TXN100152,2025-08-17,1082.79,ACC4631,Salary Payment,Salary,0.27825455740081084,False
TXN100153,2025-11-28,869.2,ACC6531,Office Supplies,Salary,0.22302132357028165,False
TXN100154,2025-07-08,939.82,ACC9354,Travel Expenses,Travel,0.20021124525045023,False
TXN100155,2025-07-07,888.89,ACC5359,Client Refund,Marketing,0.3434649929902278,False
TXN100156,2025-12-19,1139.71,ACC7494,Vendor Payment,Capex,0.16362380599733328,False
TXN100157,2025-11-14,867.75,ACC9137,Equipment Purchase,Capex,0.14793303361325696,False
TXN100158,2025-09-08,1064.31,ACC5292,Marketing Campaign,Opex,0.2280879560280412,False
TXN100159,2025-07-02,761.02,ACC6574,Travel Expenses,Opex,0.2070120521441935,False
TXN100160,2026-04-18,954.74,ACC9040,Marketing Campaign,Marketing,0.37395906326720996,False
TXN100161,2025-04-28,1208.58,ACC8373,Software License,Capex,0.20025281054973026,False
TXN100162,2025-09-20,1190.78,ACC9920,Office Supplies,Opex,0.3691232797566453,False
TXN100163,2025-04-21,739.72,ACC9567,Travel Expenses,Travel,0.1887793812340533,False
TXN100164,2025-07-25,1131.07,ACC6724,Client Refund,Capex,0.21742974285535974,False
TXN100165,2026-01-10,368.54,ACC8351,Salary Payment,Marketing,0.3720569954317,False
TXN100166,2025-07-11,830.47,ACC6548,Software License,Capex,0.3566548179639094,False
TXN100167,2025-12-17,737.89,ACC2855,Software License,Marketing,0.2672771438328718,False
TXN100168,2025-12-23,1375.48,ACC9279,Consulting Services,Marketing,0.27179942253986844,False
TXN100169,2026-03-07,1078.23,ACC4154,Vendor Payment,Marketing,0.19938181478155614,False
TXN100170,2025-05-27,911.55,ACC4043,Consulting Services,Capex,0.2750046280295848,False
TXN100171,2026-01-26,803.78,ACC8634,Equipment Purchase,Opex,0.3450800422080816,False
TXN100172,2026-01-21,781.31,ACC7112,Software License,Marketing,0.35041818756696075,False
TXN100173,2025-08-06,747.49,ACC3438,Vendor Payment,Travel,0.18137267775357413,False
TXN100174,2025-06-13,1037.19,ACC6087,Vendor Payment,Marketing,0.1338758043539001,False
TXN100175,2026-03-17,668.38,ACC5956,Equipment Purchase,Salary,0.2469872754960555,False
TXN100176,2026-03-10,1049.42,ACC5203,Travel Expenses,Capex,0.213516422180894,False
TXN100177,2026-01-10,1025.27,ACC6311,Client Refund,Salary,0.14613562327175386,False
TXN100178,2025-08-20,513.27,ACC3214,Consulting Services,Marketing,0.15373992856309954,False
TXN100179,2025-07-28,1144.01,ACC5280,Equipment Purchase,Opex,0.19989482826323485,False
TXN100180,2025-12-22,1499.89,ACC7928,Equipment Purchase,Marketing,0.23994030451245768,False
TXN100181,2025-11-10,666.03,ACC7545,Vendor Payment,Salary,0.28993671040889235,False
TXN100182,2025-07-26,623.17,ACC2852,Marketing Campaign,Capex,0.28697143574974526,False
TXN100183,2025-09-17,370.88,ACC1423,Marketing Campaign,Opex,0.24163767581675713,False
TXN100184,2025-09-24,1295.47,ACC8607,Vendor Payment,Travel,0.19796017905549115,False
TXN100185,2026-03-23,683.02,ACC6339,Vendor Payment,Capex,0.1749774363792993,False
TXN100186,2026-04-15,691.73,ACC4466,Consulting Services,Opex,0.1702247531593768,False
TXN100187,2026-02-24,1436.84,ACC7166,Vendor Payment,Opex,0.28428688915484146,False
TXN100188,2025-04-29,1312.85,ACC3546,Salary Payment,Marketing,0.15516100646447206,False
TXN100189,2025-12-17,896.02,ACC1241,Office Supplies,Salary,0.2959616074796011,False
TXN100190,2025-06-08,647.07,ACC9670,Client Refund,Opex,0.32286901996277995,False
TXN100191,2026-01-18,1127.38,ACC2772,Vendor Payment,Capex,0.2181007648182421,False
TXN100192,2025-05-17,1124.65,ACC4693,Software License,Opex,0.11568581989469834,False
TXN100193,2025-04-30,1125.05,ACC9803,Equipment Purchase,Capex,0.37857435288447394,False
TXN100194,2025-09-08,740.31,ACC2845,Office Supplies,Opex,0.20905846351992494,False
TXN100195,2025-08-19,1228.51,ACC2501,Vendor Payment,Marketing,0.3225233902477646,False
TXN100196,2026-01-31,483.64,ACC5816,Travel Expenses,Capex,0.36634648452898333,False
TXN100197,2025-06-09,1101.51,ACC3654,Vendor Payment,Opex,0.24433410969354982,False
TXN100198,2026-03-13,1306.2,ACC8008,Equipment Purchase,Travel,0.20030218851510553,False
TXN100199,2026-01-13,849.71,ACC2978,Consulting Services,Marketing,0.2811364047410079,False
TXN100200,2026-02-23,940.22,ACC3627,Client Refund,Capex,0.1711788111305799,False
TXN100201,2025-12-01,722.51,ACC3032,Vendor Payment,Marketing,0.12558408094231058,False
TXN100202,2026-02-06,826.98,ACC6380,Travel Expenses,Travel,0.2579127844348404,False
TXN100203,2026-01-30,713.51,ACC1135,Software License,Marketing,0.2513505488512533,False
TXN100204,2026-01-01,1200.34,ACC1621,Office Supplies,Opex,0.10663047581899668,False
TXN100205,2025-08-20,895.53,ACC1356,Salary Payment,Marketing,0.24268565613593734,False
TXN100206,2025-07-02,1368.26,ACC4475,Software License,Marketing,0.35425597148176446,False
TXN100207,2026-02-08,1270.84,ACC2481,Vendor Payment,Travel,0.3309278744997979,False
TXN100208,2025-08-08,781.01,ACC8343,Consulting Services,Travel,0.23570352019299515,False
TXN100209,2025-09-01,1080.58,ACC4488,Equipment Purchase,Salary,0.23393168223943597,False
TXN100210,2026-02-02,879.74,ACC9559,Salary Payment,Marketing,0.27941264909394603,False
TXN100211,2026-02-06,1135.34,ACC7015,Consulting Services,Marketing,0.2292190927866545,False
TXN100212,2025-05-30,1016.76,ACC1325,Vendor Payment,Marketing,0.34783409528835774,False
TXN100213,2026-01-19,1194.45,ACC8546,Vendor Payment,Salary,0.26688516357934566,False
TXN100214,2025-10-31,1059.82,ACC2543,Marketing Campaign,Marketing,0.32130605962653547,False
TXN100215,2025-08-08,1061.15,ACC1482,Client Refund,Travel,0.30348483852416674,False
TXN100216,2025-09-03,1118.25,ACC3662,Consulting Services,Marketing,0.29431086126041545,False
TXN100217,2026-03-22,1396.66,ACC8562,Office Supplies,Salary,0.15593558012333325,False
TXN100218,2025-05-12,963.4,ACC1487,Equipment Purchase,Travel,0.23749673284419512,False
TXN100219,2026-01-21,398.03,ACC1927,Software License,Travel,0.27055968971651656,False
TXN100220,2025-04-25,843.48,ACC7223,Vendor Payment,Salary,0.2603649861514553,False
TXN100221,2025-07-18,944.13,ACC3927,Salary Payment,Opex,0.1824825374510025,False
TXN100222,2025-12-16,848.63,ACC8841,Equipment Purchase,Capex,0.36068799548812824,False
TXN100223,2025-05-05,1311.13,ACC7140,Client Refund,Marketing,0.35499281164719865,False
TXN100224,2025-10-23,860.64,ACC8286,Office Supplies,Opex,0.1360031147971549,False
TXN100225,2025-12-07,366.14,ACC3507,Travel Expenses,Marketing,0.3155508836645426,False
TXN100226,2025-07-05,874.28,ACC6715,Vendor Payment,Salary,0.17135910332896087,False
TXN100227,2025-11-10,1054.42,ACC7139,Software License,Marketing,0.222241426729358,False
TXN100228,2025-11-24,698.82,ACC3911,Consulting Services,Marketing,0.12046465179241991,False
TXN100229,2025-04-25,980.01,ACC2722,Software License,Travel,0.12186281632942567,False
TXN100230,2025-10-25,636.22,ACC1643,Consulting Services,Salary,0.2573361642786308,False
TXN100231,2025-12-29,1092.44,ACC6860,Office Supplies,Salary,0.20228804183529264,False
TXN100232,2026-02-14,770.54,ACC7162,Travel Expenses,Opex,0.337938597611786,False
TXN100233,2026-03-24,1314.78,ACC3195,Salary Payment,Travel,0.1602291720623351,False
TXN100234,2025-08-08,412.91,ACC8197,Travel Expenses,Opex,0.35783369902420614,False
TXN100235,2025-10-13,1027.55,ACC3419,Software License,Capex,0.2856129571861201,False
TXN100236,2025-06-21,1754.84,ACC7706,Equipment Purchase,Capex,0.2575996801318173,False
TXN100237,2025-09-05,604.13,ACC6647,Software License,Travel,0.3362817497929037,False
TXN100238,2025-09-28,1033.22,ACC6468,Software License,Marketing,0.22008361887358,False
TXN100239,2025-10-02,1446.63,ACC4756,Consulting Services,Salary,0.37408799323398445,False
TXN100240,2025-11-19,725.52,ACC3380,Office Supplies,Capex,0.10880745561444899,False
TXN100241,2025-09-24,1174.85,ACC9189,Salary Payment,Marketing,0.36977645926892133,False
TXN100242,2025-12-29,1104.47,ACC1512,Salary Payment,Opex,0.22670904588555246,False
TXN100243,2025-10-12,1049.84,ACC2750,Travel Expenses,Capex,0.2262914902185906,False
TXN100244,2026-02-25,881.13,ACC1517,Office Supplies,Opex,0.3363107312112741,False
TXN100245,2026-02-08,736.86,ACC7244,Software License,Travel,0.1754456334679337,False
TXN100246,2025-09-18,807.04,ACC5818,Equipment Purchase,Travel,0.2863988243643237,False
TXN100247,2025-07-14,1132.73,ACC3184,Consulting Services,Marketing,0.27703253529843785,False
TXN100248,2025-10-22,399.31,ACC3650,Marketing Campaign,Opex,0.315229932485222,False
TXN100249,2025-12-29,674.01,ACC1676,Marketing Campaign,Salary,0.15571043984593444,False
TXN100250,2026-02-10,983.59,ACC5547,Client Refund,Travel,0.30361154255302836,False
TXN100251,2025-10-06,1028.39,ACC2694,Marketing Campaign,Opex,0.25167217229467975,False
TXN100252,2026-02-22,1258.32,ACC4097,Salary Payment,Salary,0.3687615179032112,False
TXN100253,2025-04-29,1138.56,ACC1342,Salary Payment,Capex,0.18927994507742169,False
TXN100254,2026-01-28,1431.54,ACC9340,Equipment Purchase,Capex,0.10824281025680926,False
TXN100255,2025-05-28,964.97,ACC8012,Marketing Campaign,Marketing,0.1588196232370897,False
TXN100256,2025-09-10,1024.35,ACC8669,Office Supplies,Opex,0.3421826311303938,False
TXN100257,2025-06-23,775.28,ACC3436,Salary Payment,Capex,0.1577397404638572,False
TXN100258,2026-01-11,836.2,ACC9834,Salary Payment,Marketing,0.2585954535068635,False
TXN100259,2025-10-26,966.3,ACC9491,Marketing Campaign,Salary,0.1316077444885689,False
TXN100260,2025-12-03,1025.8,ACC5915,Consulting Services,Capex,0.34413443490540013,False
TXN100261,2025-04-28,698.76,ACC3120,Vendor Payment,Salary,0.21371414421372192,False
TXN100262,2025-04-28,445.31,ACC1231,Salary Payment,Marketing,0.2518399646516334,False
TXN100263,2025-10-20,708.5,ACC5235,Software License,Salary,0.38102075954696224,False
TXN100264,2025-09-20,587.41,ACC9096,Consulting Services,Travel,0.3843917824485542,False
TXN100265,2025-05-26,953.62,ACC1720,Marketing Campaign,Marketing,0.34513221794396154,False
TXN100266,2025-10-01,577.53,ACC8570,Travel Expenses,Salary,0.18466096984279717,False
TXN100267,2025-05-12,1438.19,ACC4256,Equipment Purchase,Opex,0.30681993557005194,False
TXN100268,2026-03-22,1327.14,ACC6724,Vendor Payment,Salary,0.277243055548191,False
TXN100269,2025-07-08,591.6,ACC2685,Travel Expenses,Salary,0.3932221461450387,False
TXN100270,2025-12-05,684.2,ACC9490,Consulting Services,Marketing,0.2722531083885847,False
TXN100271,2025-11-23,1190.88,ACC6658,Marketing Campaign,Marketing,0.1100952570150547,False
TXN100272,2025-11-29,1371.45,ACC4428,Marketing Campaign,Marketing,0.216888546770396,False
TXN100273,2026-02-20,476.84,ACC2261,Salary Payment,Salary,0.25716661746035396,False
TXN100274,2025-09-03,1014.54,ACC8808,Vendor Payment,Opex,0.10319605549266556,False
TXN100275,2025-05-10,269.73,ACC7480,Consulting Services,Travel,0.17673916191283762,False
TXN100276,2026-02-23,1031.08,ACC3212,Equipment Purchase,Travel,0.15127303073434484,False
TXN100277,2025-11-08,442.03,ACC9741,Marketing Campaign,Travel,0.23616606489738887,False
TXN100278,2026-01-24,361.12,ACC5942,Software License,Travel,0.3412596852504681,False
TXN100279,2025-06-15,1336.45,ACC5276,Consulting Services,Travel,0.24429564062639256,False
TXN100280,2025-09-21,1090.39,ACC4145,Software License,Salary,0.22554665640776103,False
TXN100281,2025-11-11,1369.18,ACC1103,Salary Payment,Capex,0.20804083453289063,False
TXN100282,2025-10-01,1900.94,ACC7129,Consulting Services,Capex,0.35804919173180383,False
TXN100283,2025-11-25,941.07,ACC9210,Consulting Services,Salary,0.11670283852958022,False
TXN100284,2025-07-15,1603.05,ACC3658,Client Refund,Capex,0.24468611989958697,False
TXN100285,2025-10-11,1152.83,ACC7305,Office Supplies,Salary,0.18098455885014525,False
TXN100286,2026-01-12,857.74,ACC5191,Client Refund,Opex,0.11950316592470042,False
TXN100287,2025-06-29,814.0,ACC5168,Software License,Opex,0.3669668161170314,False
TXN100288,2025-05-22,958.53,ACC7838,Consulting Services,Capex,0.1689411616830112,False
TXN100289,2025-05-01,662.94,ACC2969,Client Refund,Travel,0.291291594657332,False
TXN100290,2025-12-01,927.43,ACC8519,Client Refund,Salary,0.16744890309890048,False
TXN100291,2025-12-11,446.89,ACC2657,Vendor Payment,Marketing,0.28594330015448877,False
TXN100292,2026-02-23,1077.04,ACC3001,Client Refund,Salary,0.1968629111373924,False
TXN100293,2026-03-27,853.71,ACC6964,Equipment Purchase,Salary,0.19564447742593644,False
TXN100294,2025-09-04,1181.01,ACC7209,Office Supplies,Capex,0.16305702566216984,False
TXN100295,2025-05-29,1374.51,ACC2823,Client Refund,Marketing,0.27270256801080495,False
TXN100296,2025-05-01,943.33,ACC8706,Client Refund,Opex,0.21285140878903155,False
TXN100297,2026-01-30,1057.3,ACC7606,Travel Expenses,Travel,0.11242441847868037,False
TXN100298,2025-12-23,1143.14,ACC3108,Client Refund,Travel,0.27447837857103674,False
TXN100299,2026-04-04,1666.55,ACC9833,Consulting Services,Opex,0.36838681305073373,False
TXN100300,2026-01-09,893.38,ACC6810,Software License,Opex,0.2534079054402828,False
TXN100301,2025-07-03,728.72,ACC4057,Software License,Marketing,0.23075694954829398,False
TXN100302,2026-01-02,645.29,ACC7585,Office Supplies,Travel,0.14724566712238185,False
TXN100303,2025-12-01,826.77,ACC7084,Equipment Purchase,Travel,0.11379940386355963,False
TXN100304,2026-01-31,810.48,ACC5987,Salary Payment,Travel,0.3777225766733412,False
TXN100305,2025-09-20,1543.43,ACC8564,Software License,Travel,0.12906944409151566,False
TXN100306,2026-01-29,1048.38,ACC5877,Office Supplies,Marketing,0.14331143078713252,False
TXN100307,2025-12-21,582.1,ACC7535,Consulting Services,Marketing,0.14302056538108002,False
TXN100308,2025-12-28,1104.71,ACC2185,Travel Expenses,Opex,0.12850537198607492,False
TXN100309,2025-07-09,713.82,ACC6333,Software License,Opex,0.3584418370324516,False
TXN100310,2025-05-13,847.28,ACC9530,Office Supplies,Travel,0.31554443857180914,False
TXN100311,2025-10-11,852.79,ACC6493,Office Supplies,Capex,0.29530011590305405,False
TXN100312,2025-04-28,1201.56,ACC6503,Equipment Purchase,Opex,0.23893841714658795,False
TXN100313,2025-11-01,1009.44,ACC4365,Marketing Campaign,Marketing,0.2543344699638958,False
TXN100314,2026-01-18,1296.53,ACC7847,Consulting Services,Opex,0.13676959690170962,False
TXN100315,2025-08-10,726.87,ACC8130,Travel Expenses,Travel,0.3242639567999241,False
TXN100316,2025-11-10,858.64,ACC5308,Office Supplies,Opex,0.24718385768973117,False
TXN100317,2025-05-16,1007.76,ACC5203,Software License,Salary,0.36789209121726285,False
TXN100318,2026-03-15,986.19,ACC4998,Vendor Payment,Capex,0.18042447711675197,False
TXN100319,2025-07-08,692.68,ACC6204,Salary Payment,Marketing,0.16926154866511084,False
TXN100320,2026-02-22,1388.13,ACC5926,Client Refund,Travel,0.10673235418628191,False
TXN100321,2025-08-24,1211.62,ACC2327,Software License,Travel,0.3080244291840125,False
TXN100322,2025-09-23,487.48,ACC6307,Marketing Campaign,Salary,0.15181918595278515,False
TXN100323,2025-11-22,1235.33,ACC9504,Vendor Payment,Travel,0.13808048316976523,False
TXN100324,2025-08-06,910.37,ACC8207,Travel Expenses,Capex,0.23093438609252523,False
TXN100325,2025-10-08,805.55,ACC5896,Consulting Services,Travel,0.2403134576468105,False
TXN100326,2026-03-09,1316.8,ACC9158,Office Supplies,Marketing,0.32896516181691393,False
TXN100327,2026-01-29,994.2,ACC9625,Marketing Campaign,Capex,0.32999897364174047,False
TXN100328,2026-01-22,1165.33,ACC6248,Software License,Capex,0.12343043525636031,False
TXN100329,2025-06-18,1598.99,ACC5254,Consulting Services,Capex,0.3374806183463147,False
TXN100330,2025-11-24,985.82,ACC1244,Vendor Payment,Opex,0.33704512483675997,False
TXN100331,2026-03-05,1383.88,ACC1869,Salary Payment,Capex,0.3829419215113806,False
TXN100332,2026-02-24,1039.85,ACC3335,Equipment Purchase,Opex,0.2776009406740873,False
TXN100333,2025-08-17,1118.28,ACC4432,Office Supplies,Salary,0.27834682799126015,False
TXN100334,2025-07-18,1562.27,ACC6538,Client Refund,Travel,0.3167061177184418,False
TXN100335,2025-07-05,1051.59,ACC1222,Equipment Purchase,Opex,0.23072376834605463,False
TXN100336,2025-11-24,928.16,ACC3099,Office Supplies,Marketing,0.2266038461130733,False
TXN100337,2026-04-10,1125.77,ACC8056,Vendor Payment,Travel,0.15883823339751285,False
TXN100338,2025-11-28,627.23,ACC1440,Marketing Campaign,Travel,0.23152075333241467,False
TXN100339,2026-03-05,858.39,ACC3842,Consulting Services,Salary,0.18580555435078333,False
TXN100340,2025-05-22,1164.17,ACC4865,Consulting Services,Salary,0.2713996690606689,False
TXN100341,2025-06-14,886.6,ACC2575,Equipment Purchase,Salary,0.2395684772291072,False
TXN100342,2025-05-14,1265.36,ACC8798,Marketing Campaign,Capex,0.11143744868017387,False
TXN100343,2025-09-07,758.25,ACC7708,Marketing Campaign,Capex,0.3910076086731684,False
TXN100344,2025-05-31,1214.41,ACC3834,Software License,Travel,0.31944581336043,False
TXN100345,2025-09-01,912.01,ACC5051,Equipment Purchase,Opex,0.16727358987699048,False
TXN100346,2026-03-30,820.34,ACC9092,Office Supplies,Opex,0.19732337657543542,False
TXN100347,2026-02-27,1123.46,ACC4003,Software License,Capex,0.3829108938133895,False
TXN100348,2025-05-31,1124.42,ACC9948,Consulting Services,Marketing,0.22381434285047053,False
TXN100349,2025-07-03,231.4,ACC5326,Consulting Services,Travel,0.15301805018255304,False
TXN100350,2025-07-02,1330.27,ACC6967,Consulting Services,Salary,0.25975935085219387,False
TXN100351,2025-11-07,1322.68,ACC7533,Software License,Capex,0.200333662437863,False
TXN100352,2026-01-16,923.39,ACC2409,Client Refund,Salary,0.2989334483906845,False
TXN100353,2026-03-26,543.63,ACC2405,Vendor Payment,Capex,0.35185309482865446,False
TXN100354,2025-08-29,731.9,ACC2777,Software License,Marketing,0.26656810197369474,False
TXN100355,2026-01-29,595.0,ACC8545,Vendor Payment,Opex,0.10423420622816287,False
TXN100356,2025-08-30,1097.33,ACC6479,Travel Expenses,Marketing,0.12384310733236117,False
TXN100357,2026-01-09,1479.11,ACC9301,Consulting Services,Salary,0.2735680983748784,False
TXN100358,2025-07-09,937.77,ACC5875,Travel Expenses,Marketing,0.14549353222655628,False
TXN100359,2025-07-25,867.16,ACC5702,Marketing Campaign,Travel,0.3002518671750109,False
TXN100360,2025-06-25,1236.71,ACC6733,Software License,Marketing,0.3785612066524988,False
TXN100361,2026-02-05,1022.99,ACC7197,Marketing Campaign,Marketing,0.35622657149818615,False
TXN100362,2025-09-10,1441.81,ACC9050,Salary Payment,Opex,0.3533957170900345,False
TXN100363,2025-08-07,436.58,ACC8160,Equipment Purchase,Marketing,0.3956579990378005,False
TXN100364,2026-02-22,1115.83,ACC1979,Marketing Campaign,Capex,0.29724140605153826,False
TXN100365,2025-07-11,1369.99,ACC6862,Consulting Services,Travel,0.32888780265960255,False
TXN100366,2026-01-05,919.69,ACC3746,Client Refund,Travel,0.11940848748586319,False
TXN100367,2026-03-19,994.95,ACC1181,Consulting Services,Capex,0.3518304663164067,False
TXN100368,2025-06-07,1373.95,ACC7141,Travel Expenses,Marketing,0.36529339655984916,False
TXN100369,2025-12-29,915.32,ACC4251,Client Refund,Capex,0.1608185382891668,False
TXN100370,2025-09-18,1009.94,ACC1160,Software License,Capex,0.21005595359993398,False
TXN100371,2025-08-24,706.83,ACC1147,Salary Payment,Marketing,0.2784243131317565,False
TXN100372,2026-04-13,449.32,ACC4743,Consulting Services,Marketing,0.2747185013740623,False
TXN100373,2025-12-07,1203.4,ACC1640,Client Refund,Salary,0.20551140355621916,False
TXN100374,2025-09-23,922.78,ACC5842,Marketing Campaign,Travel,0.38631424235743095,False
TXN100375,2025-05-04,1511.54,ACC4147,Travel Expenses,Capex,0.19630977401152555,False
TXN100376,2026-01-07,1684.27,ACC3484,Travel Expenses,Capex,0.12319948862329667,False
TXN100377,2025-10-29,1248.81,ACC1906,Client Refund,Opex,0.3167192209771307,False
TXN100378,2025-08-31,1435.82,ACC5663,Marketing Campaign,Salary,0.1571189308728427,False
TXN100379,2025-07-23,933.26,ACC7983,Consulting Services,Capex,0.29772420386942633,False
TXN100380,2025-07-29,456.25,ACC2431,Office Supplies,Travel,0.20830368870361848,False
TXN100381,2025-06-07,821.02,ACC1258,Equipment Purchase,Capex,0.24858649151562942,False
TXN100382,2025-08-10,894.38,ACC8015,Marketing Campaign,Salary,0.22327187343003835,False
TXN100383,2025-06-10,995.23,ACC8449,Client Refund,Salary,0.36157063675896906,False
TXN100384,2026-04-10,1339.74,ACC9612,Salary Payment,Salary,0.36055494775641894,False
TXN100385,2026-04-12,652.86,ACC7872,Equipment Purchase,Marketing,0.2908818982105088,False
TXN100386,2026-03-10,789.99,ACC4125,Software License,Capex,0.39986621480663176,False
TXN100387,2025-10-12,981.93,ACC5030,Consulting Services,Capex,0.32965417154049015,False
TXN100388,2025-12-17,658.5,ACC5291,Travel Expenses,Travel,0.3720318638786484,False
TXN100389,2025-06-02,742.38,ACC5071,Consulting Services,Travel,0.13798911651020454,False
TXN100390,2026-02-04,642.45,ACC5638,Marketing Campaign,Opex,0.3772462345107409,False
TXN100391,2025-12-23,849.45,ACC6242,Vendor Payment,Marketing,0.38053706285633526,False
TXN100392,2025-05-06,952.48,ACC5159,Software License,Marketing,0.36631620678484855,False
TXN100393,2025-05-01,1262.91,ACC3800,Equipment Purchase,Capex,0.3431252240008231,False
TXN100394,2026-03-28,1508.48,ACC1189,Office Supplies,Opex,0.21741436548782692,False
TXN100395,2026-01-21,1019.05,ACC9586,Salary Payment,Travel,0.20345979393800767,False
TXN100396,2026-02-14,775.01,ACC8574,Client Refund,Marketing,0.12564141778110133,False
TXN100397,2025-08-28,732.41,ACC9062,Software License,Salary,0.20463496180051505,False
TXN100398,2026-02-05,1138.71,ACC1478,Client Refund,Opex,0.2717810005549518,False
TXN100399,2026-01-01,1443.74,ACC5499,Vendor Payment,Travel,0.3053361353644223,False
TXN100400,2025-09-11,993.37,ACC7994,Consulting Services,Marketing,0.24297394583479984,False
TXN100401,2025-09-26,1664.53,ACC1981,Vendor Payment,Capex,0.22625368742848875,False
TXN100402,2025-06-26,1400.12,ACC3301,Marketing Campaign,Marketing,0.3020135210518682,False
TXN100403,2025-10-04,1156.57,ACC8929,Salary Payment,Salary,0.1971898419247417,False
TXN100404,2025-06-03,1552.73,ACC1666,Client Refund,Marketing,0.30089309256879926,False
TXN100405,2025-09-20,1380.46,ACC1720,Software License,Marketing,0.3128447439533276,False
TXN100406,2025-12-28,763.31,ACC6866,Client Refund,Travel,0.1959859259119726,False
TXN100407,2026-03-01,1290.27,ACC3824,Equipment Purchase,Capex,0.3474975757231561,False
TXN100408,2025-10-17,1351.36,ACC3180,Software License,Salary,0.3590500783572692,False
TXN100409,2025-11-04,806.73,ACC2147,Travel Expenses,Travel,0.31645379939715357,False
TXN100410,2025-11-03,1343.08,ACC7603,Travel Expenses,Marketing,0.13048170759751776,False
TXN100411,2025-07-19,1405.28,ACC7869,Software License,Salary,0.27387381000875954,False
TXN100412,2025-11-24,1049.43,ACC2001,Software License,Salary,0.15353644208482697,False
TXN100413,2025-07-04,750.35,ACC8414,Vendor Payment,Travel,0.3237210409559629,False
TXN100414,2025-12-16,362.41,ACC8185,Office Supplies,Capex,0.20408190265267137,False
TXN100415,2026-01-27,350.06,ACC9323,Travel Expenses,Marketing,0.1719397951490676,False
TXN100416,2025-10-08,863.35,ACC4119,Salary Payment,Travel,0.30076725221324985,False
TXN100417,2026-01-31,615.84,ACC4404,Travel Expenses,Travel,0.34131840313040784,False
TXN100418,2025-08-01,746.87,ACC8484,Vendor Payment,Marketing,0.3620056376653006,False
TXN100419,2026-03-29,1431.92,ACC8840,Travel Expenses,Capex,0.26956583896537484,False
TXN100420,2025-11-15,1032.73,ACC5922,Equipment Purchase,Marketing,0.1254807857964196,False
TXN100421,2025-06-11,769.13,ACC4092,Marketing Campaign,Salary,0.3325675005035529,False
TXN100422,2026-01-22,716.72,ACC8370,Vendor Payment,Travel,0.306366789055798,False
TXN100423,2026-03-09,1008.79,ACC5860,Software License,Travel,0.30315761115377465,False
TXN100424,2025-10-04,1202.67,ACC5595,Consulting Services,Marketing,0.22875582188667054,False
TXN100425,2026-02-02,1179.15,ACC7246,Vendor Payment,Marketing,0.2631764634860917,False
TXN100426,2026-03-25,953.51,ACC3680,Salary Payment,Marketing,0.10348842694695932,False
TXN100427,2025-05-06,969.85,ACC5528,Salary Payment,Capex,0.2384290257675759,False
TXN100428,2025-08-09,831.34,ACC7256,Salary Payment,Capex,0.16443047500345193,False
TXN100429,2026-01-17,1302.61,ACC9552,Salary Payment,Salary,0.38414446757739307,False
TXN100430,2026-01-04,1227.82,ACC1280,Software License,Opex,0.3776485658175236,False
TXN100431,2025-08-12,855.33,ACC9503,Consulting Services,Travel,0.2357368644947533,False
TXN100432,2025-09-13,1012.35,ACC9312,Travel Expenses,Opex,0.2128487445778693,False
TXN100433,2025-09-08,954.56,ACC2187,Salary Payment,Marketing,0.11462413760935186,False
TXN100434,2026-01-18,821.67,ACC9201,Consulting Services,Capex,0.3450106000471946,False
TXN100435,2026-02-28,868.87,ACC1219,Salary Payment,Salary,0.2157686188370313,False
TXN100436,2026-04-04,750.43,ACC7965,Office Supplies,Travel,0.3864751584063508,False
TXN100437,2026-02-05,1219.75,ACC4522,Equipment Purchase,Salary,0.24992721274253993,False
TXN100438,2025-06-26,843.68,ACC9238,Equipment Purchase,Capex,0.2067540792427443,False
TXN100439,2026-04-16,1317.03,ACC4448,Consulting Services,Salary,0.2977132285629108,False
TXN100440,2025-12-06,623.01,ACC6438,Software License,Travel,0.19861342568214652,False
TXN100441,2026-03-16,707.06,ACC1106,Salary Payment,Marketing,0.3868667831503497,False
TXN100442,2026-02-14,905.28,ACC3677,Marketing Campaign,Capex,0.12077611918938666,False
TXN100443,2025-08-21,1105.04,ACC2575,Software License,Salary,0.18281330350830005,False
TXN100444,2025-12-22,1019.49,ACC8627,Salary Payment,Marketing,0.28094572015486763,False
TXN100445,2025-11-17,955.45,ACC9954,Office Supplies,Capex,0.15084654794147753,False
TXN100446,2026-03-06,786.79,ACC9456,Office Supplies,Marketing,0.2742217612172415,False
TXN100447,2025-08-08,540.94,ACC8373,Office Supplies,Marketing,0.13057231417868076,False
TXN100448,2026-04-16,1204.7,ACC1861,Vendor Payment,Opex,0.3221502716424998,False
TXN100449,2025-07-16,1469.74,ACC1072,Consulting Services,Marketing,0.23102418480180556,False
TXN100450,2025-11-19,550.85,ACC2024,Marketing Campaign,Travel,0.39533966331168,False
TXN100451,2025-11-26,1297.01,ACC1556,Software License,Salary,0.3843250487966704,False
TXN100452,2025-06-28,643.5,ACC2274,Travel Expenses,Capex,0.19223810628976884,False
TXN100453,2025-05-09,1048.74,ACC4541,Office Supplies,Travel,0.23792494064960082,False
TXN100454,2025-06-06,1233.3,ACC5852,Equipment Purchase,Salary,0.2245535895577846,False
TXN100455,2025-06-18,635.58,ACC3524,Software License,Salary,0.20240681959351026,False
TXN100456,2025-06-13,880.1,ACC5516,Marketing Campaign,Salary,0.12421023261260042,False
TXN100457,2025-11-16,1635.37,ACC7672,Salary Payment,Travel,0.18613441630882988,False
TXN100458,2026-01-04,1598.35,ACC9296,Equipment Purchase,Capex,0.2940891135122862,False
TXN100459,2026-01-13,937.8,ACC9627,Equipment Purchase,Travel,0.15732723165553464,False
TXN100460,2025-11-29,426.94,ACC7388,Client Refund,Marketing,0.3771727922567628,False
TXN100461,2025-12-31,1382.14,ACC6453,Marketing Campaign,Capex,0.22144959337772108,False
TXN100462,2025-08-02,1319.66,ACC2250,Office Supplies,Capex,0.2629063047912554,False
TXN100463,2025-06-11,1441.43,ACC7326,Consulting Services,Salary,0.18131680430302366,False
TXN100464,2026-04-07,914.9,ACC4973,Salary Payment,Salary,0.18435074481071342,False
TXN100465,2025-04-29,983.19,ACC4606,Salary Payment,Capex,0.11515107435688303,False
TXN100466,2025-04-28,1020.18,ACC1160,Equipment Purchase,Marketing,0.3705863204667005,False
TXN100467,2025-12-19,813.53,ACC2126,Software License,Travel,0.2095507505359503,False
TXN100468,2025-06-03,783.21,ACC3710,Salary Payment,Opex,0.1687214620107254,False
TXN100469,2026-04-14,1118.72,ACC4188,Equipment Purchase,Opex,0.3171056499222542,False
TXN100470,2025-04-20,1203.1,ACC3428,Travel Expenses,Salary,0.18911693529397447,False
TXN100471,2025-12-13,1005.81,ACC1461,Marketing Campaign,Marketing,0.13128449936475786,False
TXN100472,2025-05-29,665.74,ACC4407,Vendor Payment,Salary,0.36932617876269547,False
TXN100473,2025-11-18,1022.0,ACC6396,Equipment Purchase,Opex,0.30447411252274503,False
TXN100474,2026-02-18,948.01,ACC9885,Travel Expenses,Capex,0.1728475497634555,False
TXN100475,2026-01-07,968.45,ACC5969,Equipment Purchase,Salary,0.3945809503746842,False
TXN100476,2025-05-21,443.75,ACC7968,Salary Payment,Salary,0.38345101040276075,False
TXN100477,2025-11-18,680.84,ACC3982,Consulting Services,Marketing,0.3450549105715284,False
TXN100478,2025-09-21,1004.87,ACC9539,Marketing Campaign,Capex,0.1521988871942897,False
TXN100479,2025-10-15,1579.91,ACC9975,Salary Payment,Marketing,0.12345032824026367,False
TXN100480,2025-06-08,1107.37,ACC7465,Consulting Services,Salary,0.3370824341707005,False
TXN100481,2025-10-07,1821.51,ACC6130,Equipment Purchase,Travel,0.25452194461039657,False
TXN100482,2025-09-01,1059.26,ACC7447,Marketing Campaign,Salary,0.23272663056980564,False
TXN100483,2025-07-25,1453.64,ACC1327,Equipment Purchase,Travel,0.17802222231517167,False
TXN100484,2025-09-30,1058.18,ACC7814,Marketing Campaign,Marketing,0.12087173431382808,False
TXN100485,2025-05-22,1104.12,ACC4520,Travel Expenses,Salary,0.3990752392578799,False
TXN100486,2026-03-04,910.85,ACC6210,Client Refund,Capex,0.314790860010779,False
TXN100487,2025-12-20,1054.54,ACC1109,Travel Expenses,Capex,0.223558603959459,False
TXN100488,2025-08-05,987.46,ACC3954,Salary Payment,Capex,0.2089614377898911,False
TXN100489,2025-04-25,432.04,ACC5200,Salary Payment,Capex,0.10665982773152662,False
TXN100490,2025-06-17,542.12,ACC6354,Client Refund,Salary,0.13712778393537656,False
TXN100491,2025-10-06,1239.89,ACC2747,Client Refund,Salary,0.15211731829964809,False
TXN100492,2025-06-30,630.65,ACC3815,Salary Payment,Capex,0.30094826661473184,False
TXN100493,2025-11-17,1209.83,ACC1583,Office Supplies,Opex,0.11102830472881958,False
TXN100494,2025-07-07,1141.42,ACC1404,Software License,Opex,0.31887295718555897,False
TXN100495,2025-05-13,1102.43,ACC8760,Software License,Travel,0.3119473731960031,False
TXN100496,2025-09-30,1262.83,ACC3061,Office Supplies,Marketing,0.14483337505967964,False
TXN100497,2025-08-14,1243.68,ACC5018,Software License,Salary,0.2769505633988386,False
TXN100498,2025-11-07,929.77,ACC9311,Salary Payment,Salary,0.34230616646255374,False
TXN100499,2026-03-26,1136.69,ACC7268,Software License,Opex,0.10303132267925913,False
TXN100500,2025-07-15,1746.47,ACC5401,Equipment Purchase,Travel,0.16518941536034126,False
TXN100501,2026-01-01,666.87,ACC6989,Consulting Services,Capex,0.26140076743733454,False
TXN100502,2026-02-07,1223.69,ACC5619,Equipment Purchase,Salary,0.10684453874184857,False
TXN100503,2025-06-14,1122.92,ACC1254,Software License,Opex,0.3245599700335495,False
TXN100504,2025-11-04,822.38,ACC8664,Vendor Payment,Travel,0.14439653441893757,False
TXN100505,2026-01-30,878.06,ACC4424,Consulting Services,Opex,0.20783014638524472,False
TXN100506,2025-09-05,1037.1,ACC3102,Marketing Campaign,Opex,0.31112791926792427,False
TXN100507,2025-08-23,716.56,ACC5837,Salary Payment,Travel,0.10221091232967067,False
TXN100508,2025-05-02,611.88,ACC4325,Software License,Travel,0.10459284495136473,False
TXN100509,2025-10-24,1065.66,ACC3362,Office Supplies,Salary,0.36557712033066747,False
TXN100510,2025-10-17,771.04,ACC7761,Client Refund,Salary,0.18235090834215353,False
TXN100511,2026-01-24,1845.76,ACC3514,Office Supplies,Opex,0.3160854962061401,False
TXN100512,2026-03-12,1045.68,ACC8011,Client Refund,Marketing,0.3436477223570751,False
TXN100513,2025-11-27,1116.43,ACC7334,Software License,Opex,0.10297630442419647,False
TXN100514,2026-01-20,424.28,ACC7033,Salary Payment,Marketing,0.25554536251631277,False
TXN100515,2025-06-30,1045.15,ACC2868,Travel Expenses,Salary,0.14575998022092765,False
TXN100516,2025-08-13,1071.65,ACC3743,Marketing Campaign,Salary,0.14137747860411523,False
TXN100517,2026-02-11,1076.96,ACC7845,Software License,Marketing,0.32699653017330044,False
TXN100518,2026-03-08,1525.86,ACC7858,Equipment Purchase,Travel,0.12227674560219368,False
TXN100519,2025-10-28,714.1,ACC2724,Client Refund,Marketing,0.26368253555827204,False
TXN100520,2025-04-29,571.75,ACC4494,Software License,Salary,0.16606123292697816,False
TXN100521,2025-10-29,886.2,ACC2719,Consulting Services,Marketing,0.3278541948571376,False
TXN100522,2026-03-29,162.25,ACC5825,Salary Payment,Travel,0.22377909642231553,False
TXN100523,2026-03-10,719.96,ACC5472,Client Refund,Marketing,0.11323591354660684,False
TXN100524,2026-03-14,932.61,ACC1592,Marketing Campaign,Marketing,0.20511529196157463,False
TXN100525,2025-11-15,1315.93,ACC5837,Vendor Payment,Capex,0.13449992743230535,False
TXN100526,2026-01-07,834.33,ACC6942,Salary Payment,Salary,0.1385344442035036,False
TXN100527,2026-01-22,696.23,ACC7591,Software License,Travel,0.3103473574137212,False
TXN100528,2026-02-12,886.64,ACC6790,Consulting Services,Travel,0.33748255013604145,False
TXN100529,2025-11-10,798.46,ACC2854,Software License,Travel,0.2893188598346272,False
TXN100530,2026-03-04,897.62,ACC8903,Client Refund,Travel,0.24033653260124907,False
TXN100531,2025-12-13,550.78,ACC5915,Salary Payment,Capex,0.29739834334144943,False
TXN100532,2025-12-05,1235.67,ACC7960,Travel Expenses,Salary,0.18680328025646192,False
TXN100533,2025-10-11,867.94,ACC7726,Vendor Payment,Salary,0.2935279398394824,False
TXN100534,2026-01-23,428.91,ACC5579,Salary Payment,Marketing,0.13196214486312663,False
TXN100535,2026-01-29,877.25,ACC1245,Salary Payment,Marketing,0.3379474021080707,False
TXN100536,2025-10-20,872.83,ACC9668,Travel Expenses,Opex,0.317902743065936,False
TXN100537,2025-06-06,1036.53,ACC7023,Consulting Services,Capex,0.20002511312155907,False
TXN100538,2025-04-26,1163.29,ACC8502,Marketing Campaign,Marketing,0.3064447618762811,False
TXN100539,2026-03-24,582.17,ACC2806,Office Supplies,Salary,0.1701064928245774,False
TXN100540,2025-07-10,767.75,ACC2231,Vendor Payment,Opex,0.3304808941646626,False
TXN100541,2025-05-09,1050.68,ACC3075,Software License,Opex,0.21573844988734475,False
TXN100542,2025-12-25,283.95,ACC9024,Office Supplies,Capex,0.2712119365725367,False
TXN100543,2025-05-13,1036.74,ACC9282,Consulting Services,Capex,0.3418840435523266,False
TXN100544,2025-04-22,547.49,ACC4091,Equipment Purchase,Marketing,0.13462897814637445,False
TXN100545,2025-12-10,618.68,ACC3293,Travel Expenses,Salary,0.31503958703628443,False
TXN100546,2025-10-02,780.74,ACC7886,Consulting Services,Opex,0.2714890447933787,False
TXN100547,2025-08-10,979.41,ACC5120,Client Refund,Opex,0.1969119419697411,False
TXN100548,2025-09-14,1222.75,ACC2136,Vendor Payment,Opex,0.2053635509500138,False
TXN100549,2025-08-24,1153.25,ACC3729,Equipment Purchase,Marketing,0.16275462058469692,False
TXN100550,2025-04-21,1278.23,ACC4600,Equipment Purchase,Salary,0.3039447987196192,False
TXN100551,2026-03-06,902.74,ACC4857,Client Refund,Capex,0.2658948008009978,False
TXN100552,2025-05-23,1394.91,ACC5466,Client Refund,Travel,0.24571112703842743,False
TXN100553,2025-07-16,1167.69,ACC5524,Client Refund,Marketing,0.31702662223834877,False
TXN100554,2025-08-03,1328.27,ACC5703,Travel Expenses,Marketing,0.16749596995849766,False
TXN100555,2025-08-14,1618.08,ACC3710,Office Supplies,Opex,0.2743704553296914,False
TXN100556,2025-04-21,987.33,ACC6919,Travel Expenses,Travel,0.21789739094418642,False
TXN100557,2026-03-10,1500.01,ACC3730,Vendor Payment,Travel,0.12906305291481712,False
TXN100558,2025-11-20,949.38,ACC4849,Office Supplies,Salary,0.20614188666095506,False
TXN100559,2026-02-21,791.81,ACC5590,Consulting Services,Salary,0.3305426488327071,False
TXN100560,2025-05-15,896.96,ACC3413,Travel Expenses,Marketing,0.27989373432490133,False
TXN100561,2025-12-21,1090.19,ACC9352,Equipment Purchase,Marketing,0.1482161122683362,False
TXN100562,2025-10-12,825.09,ACC3970,Consulting Services,Marketing,0.1396457026601535,False
TXN100563,2026-04-01,1010.35,ACC9404,Equipment Purchase,Salary,0.39241004727507534,False
TXN100564,2025-10-21,1154.04,ACC6147,Client Refund,Capex,0.36155056689499643,False
TXN100565,2026-04-10,1147.63,ACC3647,Equipment Purchase,Marketing,0.34105651938134784,False
TXN100566,2025-10-27,780.22,ACC3094,Equipment Purchase,Opex,0.12348156559747275,False
TXN100567,2025-08-21,1004.47,ACC6166,Client Refund,Travel,0.3656527430024674,False
TXN100568,2026-01-09,1059.18,ACC1437,Client Refund,Salary,0.12627657597669667,False
TXN100569,2025-08-28,1145.07,ACC3809,Equipment Purchase,Marketing,0.25590014134293726,False
TXN100570,2026-01-23,1181.37,ACC8197,Marketing Campaign,Marketing,0.36443190794172553,False
TXN100571,2025-10-12,861.57,ACC1965,Salary Payment,Travel,0.20861013000223386,False
TXN100572,2026-04-05,1103.37,ACC2593,Office Supplies,Salary,0.19144695409503382,False
TXN100573,2026-01-01,720.18,ACC8396,Marketing Campaign,Travel,0.38883470979446455,False
TXN100574,2025-08-04,1028.49,ACC6823,Equipment Purchase,Marketing,0.19062744800564707,False
TXN100575,2025-12-22,1179.12,ACC9346,Vendor Payment,Travel,0.24529402084055238,False
TXN100576,2025-07-05,645.37,ACC4856,Office Supplies,Salary,0.1801966837142347,False
TXN100577,2025-12-04,786.07,ACC2863,Vendor Payment,Capex,0.3731288212798741,False
TXN100578,2025-12-29,1291.62,ACC5314,Office Supplies,Opex,0.2277373355527658,False
TXN100579,2025-11-22,1018.31,ACC4430,Consulting Services,Travel,0.3564246720710672,False
TXN100580,2026-03-14,982.58,ACC2829,Equipment Purchase,Salary,0.1920092545180218,False
TXN100581,2026-03-04,592.03,ACC5711,Salary Payment,Capex,0.24466080026229697,False
TXN100582,2025-11-13,743.86,ACC5635,Marketing Campaign,Salary,0.29429435457808695,False
TXN100583,2025-08-17,778.26,ACC3052,Client Refund,Opex,0.24344416902290195,False
TXN100584,2026-03-12,995.39,ACC3028,Salary Payment,Opex,0.39245796446576375,False
TXN100585,2025-11-22,885.59,ACC6654,Marketing Campaign,Capex,0.3059065947776958,False
TXN100586,2025-05-27,1639.53,ACC5955,Client Refund,Travel,0.2046295362822306,False
TXN100587,2025-12-08,1360.92,ACC3169,Vendor Payment,Salary,0.16804302424644546,False
TXN100588,2025-08-22,1343.02,ACC8845,Marketing Campaign,Capex,0.1577036933329881,False
TXN100589,2025-06-06,1336.41,ACC9821,Software License,Salary,0.19135065611335927,False
TXN100590,2025-08-02,1206.68,ACC3339,Salary Payment,Capex,0.24697366681278643,False
TXN100591,2025-05-31,820.75,ACC1222,Marketing Campaign,Salary,0.11497282292387279,False
TXN100592,2025-10-16,1144.73,ACC3670,Marketing Campaign,Marketing,0.2061236337122654,False
TXN100593,2025-05-06,1594.64,ACC3506,Marketing Campaign,Opex,0.12786766225774382,False
TXN100594,2025-07-07,839.36,ACC1280,Marketing Campaign,Marketing,0.26311449518180263,False
TXN100595,2025-10-27,841.31,ACC1456,Software License,Opex,0.26396247205100387,False
TXN100596,2025-07-03,1191.67,ACC1687,Office Supplies,Travel,0.17606994226411893,False
TXN100597,2025-12-16,1503.25,ACC6431,Vendor Payment,Travel,0.31044496942387045,False
TXN100598,2025-05-22,555.5,ACC7258,Software License,Salary,0.10697562124031919,False
TXN100599,2025-06-05,1196.56,ACC6946,Travel Expenses,Travel,0.20446891124014127,False
TXN100600,2025-08-13,1398.26,ACC9210,Software License,Salary,0.1226231731575955,False
TXN100601,2026-01-31,1235.84,ACC7388,Equipment Purchase,Opex,0.3487131013164332,False
TXN100602,2025-06-07,1534.49,ACC5912,Travel Expenses,Marketing,0.27406471874137084,False
TXN100603,2025-08-23,1482.13,ACC5238,Travel Expenses,Travel,0.3113225610320417,False
TXN100604,2025-07-24,966.93,ACC3206,Software License,Salary,0.24622262557345645,False
TXN100605,2025-07-18,1050.54,ACC8972,Vendor Payment,Capex,0.3334413531947979,False
TXN100606,2025-05-02,1379.71,ACC2249,Vendor Payment,Capex,0.26021904904106263,False
TXN100607,2025-06-10,946.25,ACC3074,Travel Expenses,Travel,0.39897678081928856,False
TXN100608,2026-04-10,1192.32,ACC5453,Office Supplies,Capex,0.2264409418864218,False
TXN100609,2025-07-17,1022.07,ACC2278,Software License,Opex,0.11197093283651188,False
TXN100610,2025-07-17,1077.9,ACC5283,Equipment Purchase,Travel,0.16720953787230208,False
TXN100611,2025-04-24,651.03,ACC9316,Office Supplies,Travel,0.13426329531162678,False
TXN100612,2026-03-27,1039.16,ACC3423,Travel Expenses,Capex,0.3778352781821732,False
TXN100613,2025-08-11,919.93,ACC8835,Office Supplies,Opex,0.19705346888487418,False
TXN100614,2025-11-04,944.25,ACC8052,Travel Expenses,Capex,0.22090449891111036,False
TXN100615,2025-08-10,1044.0,ACC5270,Software License,Capex,0.15721145262529806,False
TXN100616,2026-01-13,134.04,ACC5562,Marketing Campaign,Capex,0.3520848809234627,False
TXN100617,2026-01-28,1221.93,ACC2956,Software License,Marketing,0.27276951568295194,False
TXN100618,2025-05-17,1123.63,ACC1827,Vendor Payment,Capex,0.297987333133087,False
TXN100619,2025-08-16,780.95,ACC6080,Travel Expenses,Marketing,0.32269487266956787,False
TXN100620,2026-01-30,352.6,ACC6190,Travel Expenses,Capex,0.36465569082130733,False
TXN100621,2026-02-16,1503.55,ACC8554,Consulting Services,Marketing,0.3447699141405075,False
TXN100622,2025-04-25,1143.64,ACC6446,Travel Expenses,Salary,0.21561444067480465,False
TXN100623,2025-11-14,800.96,ACC2514,Consulting Services,Capex,0.22776090741021884,False
TXN100624,2025-08-17,1055.6,ACC8025,Equipment Purchase,Salary,0.31967897671659895,False
TXN100625,2026-03-15,1001.44,ACC1829,Client Refund,Capex,0.10610082140707733,False
TXN100626,2025-10-12,702.62,ACC5103,Travel Expenses,Travel,0.27287867427495066,False
TXN100627,2025-04-23,1449.19,ACC8849,Consulting Services,Capex,0.20287272495571024,False
TXN100628,2025-10-01,825.65,ACC6603,Marketing Campaign,Opex,0.21979408208701773,False
TXN100629,2025-07-03,1171.09,ACC3928,Travel Expenses,Travel,0.3047078494117602,False
TXN100630,2025-06-28,1666.35,ACC5445,Equipment Purchase,Travel,0.38441531857906663,False
TXN100631,2025-12-14,999.22,ACC5616,Marketing Campaign,Capex,0.10462358509848921,False
TXN100632,2025-04-21,411.43,ACC6334,Client Refund,Salary,0.3293974496399338,False
TXN100633,2026-03-28,1290.12,ACC7151,Client Refund,Opex,0.1507142575734609,False
TXN100634,2025-12-12,647.69,ACC2865,Salary Payment,Salary,0.1908092222036839,False
TXN100635,2025-11-05,946.26,ACC1197,Equipment Purchase,Capex,0.18415066946424535,False
TXN100636,2025-12-09,1025.28,ACC1050,Equipment Purchase,Marketing,0.24326380567452308,False
TXN100637,2025-11-20,954.74,ACC3280,Software License,Marketing,0.3496564525927159,False
TXN100638,2026-02-20,527.67,ACC7359,Office Supplies,Opex,0.3263705762131859,False
TXN100639,2026-03-26,851.76,ACC8838,Software License,Travel,0.1523747899494068,False
TXN100640,2025-11-09,1112.69,ACC7748,Software License,Capex,0.25064235984358596,False
TXN100641,2025-12-05,755.7,ACC5009,Office Supplies,Salary,0.27190870108664256,False
TXN100642,2025-04-18,1466.01,ACC6767,Consulting Services,Capex,0.19999905985379987,False
TXN100643,2026-01-04,1543.17,ACC5340,Salary Payment,Marketing,0.3551379229892715,False
TXN100644,2026-01-29,789.41,ACC6272,Salary Payment,Travel,0.20951185253281557,False
TXN100645,2026-04-02,1695.29,ACC6076,Marketing Campaign,Travel,0.1528773960578553,False
TXN100646,2026-03-20,758.61,ACC6577,Consulting Services,Opex,0.19510811514386667,False
TXN100647,2025-08-29,1049.44,ACC4212,Travel Expenses,Opex,0.27970750704491565,False
TXN100648,2026-03-30,835.04,ACC6836,Office Supplies,Travel,0.15399561386568847,False
TXN100649,2025-11-16,738.63,ACC9749,Office Supplies,Travel,0.3459450519207705,False
TXN100650,2026-03-17,1084.23,ACC3313,Salary Payment,Salary,0.11413278403318916,False
TXN100651,2025-05-13,873.6,ACC6584,Equipment Purchase,Capex,0.2508733949155491,False
TXN100652,2025-10-20,1096.8,ACC7590,Equipment Purchase,Marketing,0.27091941667404695,False
TXN100653,2025-06-05,1168.69,ACC4629,Software License,Capex,0.18262829621561455,False
TXN100654,2025-08-09,1204.74,ACC6617,Vendor Payment,Opex,0.20250451291907645,False
TXN100655,2025-05-23,794.54,ACC5270,Marketing Campaign,Marketing,0.22128163097750053,False
TXN100656,2025-05-08,494.32,ACC8998,Software License,Opex,0.3117509553187072,False
TXN100657,2025-12-12,311.86,ACC7812,Marketing Campaign,Salary,0.11248228537346816,False
TXN100658,2025-07-11,996.19,ACC3422,Software License,Salary,0.3775533162509186,False
TXN100659,2025-06-23,1204.21,ACC1172,Salary Payment,Travel,0.3508478628959203,False
TXN100660,2026-01-22,953.78,ACC1190,Office Supplies,Marketing,0.1019460014890251,False
TXN100661,2025-12-15,1297.37,ACC6414,Consulting Services,Marketing,0.12243392995713585,False
TXN100662,2025-08-09,1155.78,ACC3115,Travel Expenses,Travel,0.27340540760844245,False
TXN100663,2026-03-11,897.89,ACC7954,Marketing Campaign,Travel,0.3213616309039684,False
TXN100664,2026-01-01,1243.01,ACC8637,Vendor Payment,Opex,0.1369649726146345,False
TXN100665,2025-08-02,1339.55,ACC8221,Marketing Campaign,Capex,0.39662978444303776,False
TXN100666,2025-06-16,1065.36,ACC5868,Office Supplies,Marketing,0.27204846826578777,False
TXN100667,2025-05-29,1465.89,ACC4844,Salary Payment,Capex,0.23271596016369675,False
TXN100668,2025-06-23,1459.08,ACC4668,Client Refund,Travel,0.16973524579444238,False
TXN100669,2025-11-05,1222.92,ACC1121,Vendor Payment,Capex,0.35535557873660517,False
TXN100670,2026-03-22,1035.15,ACC8542,Equipment Purchase,Salary,0.31270513793831545,False
TXN100671,2025-08-26,699.17,ACC7759,Salary Payment,Opex,0.32389331705504376,False
TXN100672,2025-08-16,1152.83,ACC2936,Vendor Payment,Opex,0.23512985214770163,False
TXN100673,2026-03-09,1397.18,ACC7855,Office Supplies,Salary,0.1484481547144163,False
TXN100674,2026-01-24,1122.14,ACC7136,Travel Expenses,Capex,0.17910771965687347,False
TXN100675,2026-03-03,614.42,ACC8322,Software License,Travel,0.33705971712815086,False
TXN100676,2025-09-29,1246.14,ACC2204,Office Supplies,Salary,0.32997209366829433,False
TXN100677,2026-03-31,809.55,ACC4680,Salary Payment,Opex,0.293066455645669,False
TXN100678,2026-01-23,1197.26,ACC5206,Salary Payment,Travel,0.13531403076541354,False
TXN100679,2025-06-20,763.67,ACC7134,Software License,Travel,0.2561156737301217,False
TXN100680,2025-11-27,1243.5,ACC6836,Software License,Marketing,0.39429670422068785,False
TXN100681,2025-05-20,294.44,ACC2065,Salary Payment,Opex,0.24493742142503228,False
TXN100682,2025-08-27,1175.26,ACC9409,Consulting Services,Travel,0.3408136477355235,False
TXN100683,2026-03-01,1298.59,ACC8968,Marketing Campaign,Marketing,0.3684551780389955,False
TXN100684,2026-03-20,1036.34,ACC4420,Travel Expenses,Capex,0.19074164916643466,False
TXN100685,2025-10-28,818.46,ACC4769,Office Supplies,Capex,0.2437164456841935,False
TXN100686,2025-10-06,1502.47,ACC5683,Office Supplies,Capex,0.24540698617881596,False
TXN100687,2025-05-30,963.37,ACC5724,Vendor Payment,Travel,0.243171883298346,False
TXN100688,2025-11-03,692.67,ACC8835,Equipment Purchase,Capex,0.21227306699053106,False
TXN100689,2026-04-03,965.68,ACC7975,Salary Payment,Opex,0.1741287606392688,False
TXN100690,2025-12-09,717.85,ACC8172,Travel Expenses,Travel,0.346802359717704,False
TXN100691,2026-03-14,1206.13,ACC1189,Salary Payment,Salary,0.10569113410482406,False
TXN100692,2026-04-01,1035.24,ACC6563,Consulting Services,Opex,0.2459909131442339,False
TXN100693,2025-06-18,1292.83,ACC8263,Travel Expenses,Marketing,0.3857496338811821,False
TXN100694,2025-06-13,859.06,ACC7758,Client Refund,Marketing,0.3235178471762271,False
TXN100695,2025-06-04,987.35,ACC9651,Consulting Services,Travel,0.1850578234378687,False
TXN100696,2025-09-21,731.3,ACC8334,Client Refund,Marketing,0.19327525596385192,False
TXN100697,2025-10-30,763.38,ACC4024,Office Supplies,Marketing,0.16222601680475984,False
TXN100698,2025-10-31,1508.28,ACC4636,Software License,Travel,0.2191508833030013,False
TXN100699,2026-04-13,882.7,ACC7384,Marketing Campaign,Capex,0.26973322436267294,False
TXN100700,2026-02-10,1314.56,ACC4253,Client Refund,Salary,0.36114082872961295,False
TXN100701,2025-10-10,1629.43,ACC2379,Salary Payment,Travel,0.34773768846200415,False
TXN100702,2026-04-13,1236.7,ACC3067,Office Supplies,Salary,0.15097604568837192,False
TXN100703,2025-12-11,642.38,ACC9473,Software License,Capex,0.20897437636554195,False
TXN100704,2025-09-02,1470.91,ACC4064,Marketing Campaign,Salary,0.36126627110524057,False
TXN100705,2025-09-24,1115.71,ACC9010,Travel Expenses,Travel,0.23266032857139166,False
TXN100706,2025-08-18,1612.2,ACC4185,Client Refund,Travel,0.21317244596987459,False
TXN100707,2025-11-10,1705.76,ACC7688,Client Refund,Travel,0.16768626922892033,False
TXN100708,2025-10-01,1219.72,ACC3768,Consulting Services,Travel,0.33956794193587636,False
TXN100709,2025-05-14,1129.5,ACC6195,Office Supplies,Marketing,0.22878969927724518,False
TXN100710,2026-03-18,1105.48,ACC6167,Software License,Marketing,0.12306640611698531,False
TXN100711,2026-02-08,555.56,ACC5666,Equipment Purchase,Opex,0.1625195357719486,False
TXN100712,2025-10-03,1229.73,ACC6096,Software License,Salary,0.13176186514427118,False
TXN100713,2025-11-29,998.78,ACC5749,Vendor Payment,Salary,0.3338559280863175,False
TXN100714,2026-03-13,1186.94,ACC5085,Consulting Services,Opex,0.24990206116567237,False
TXN100715,2025-09-27,1196.01,ACC7179,Client Refund,Travel,0.358442274586949,False
TXN100716,2026-03-24,529.53,ACC6919,Consulting Services,Marketing,0.2522064003006329,False
TXN100717,2025-12-25,1143.06,ACC3558,Travel Expenses,Marketing,0.20967703984605196,False
TXN100718,2025-06-30,1382.48,ACC5960,Equipment Purchase,Travel,0.3004437213171448,False
TXN100719,2026-03-31,1014.18,ACC6073,Marketing Campaign,Marketing,0.263326186548727,False
TXN100720,2025-07-25,890.12,ACC1617,Equipment Purchase,Capex,0.34816103104775803,False
TXN100721,2025-12-26,1173.45,ACC4837,Software License,Travel,0.3304998923142808,False
TXN100722,2025-05-16,902.7,ACC5770,Client Refund,Salary,0.17941595483193307,False
TXN100723,2025-09-12,352.65,ACC2102,Consulting Services,Opex,0.22917080269550777,False
TXN100724,2025-09-12,893.49,ACC3941,Travel Expenses,Salary,0.25954846536416987,False
TXN100725,2025-08-31,1031.78,ACC7971,Client Refund,Travel,0.11429327243121506,False
TXN100726,2026-02-08,1215.88,ACC1486,Vendor Payment,Marketing,0.10888669819796284,False
TXN100727,2025-11-23,1175.56,ACC1449,Consulting Services,Capex,0.29636878738543637,False
TXN100728,2026-03-24,1295.81,ACC9940,Salary Payment,Salary,0.2420427788039448,False
TXN100729,2026-01-02,1063.1,ACC6374,Salary Payment,Marketing,0.23187317575522562,False
TXN100730,2025-10-31,799.18,ACC4485,Client Refund,Travel,0.10260762827730252,False
TXN100731,2026-03-09,870.98,ACC2262,Client Refund,Capex,0.261810552095846,False
TXN100732,2025-09-08,743.21,ACC3503,Equipment Purchase,Opex,0.10316402828158416,False
TXN100733,2025-12-16,1274.96,ACC3551,Office Supplies,Marketing,0.1651794011985025,False
TXN100734,2025-09-15,797.51,ACC9902,Software License,Marketing,0.3494502141974243,False
TXN100735,2025-04-24,607.12,ACC4111,Office Supplies,Salary,0.37702685327636287,False
TXN100736,2025-08-02,1661.01,ACC2495,Equipment Purchase,Marketing,0.18663693480115184,False
TXN100737,2025-05-14,1031.33,ACC2237,Client Refund,Capex,0.19292098552607792,False
TXN100738,2025-09-09,968.83,ACC8575,Consulting Services,Marketing,0.1865939955412516,False
TXN100739,2025-12-21,1069.85,ACC2295,Software License,Capex,0.3160448332192298,False
TXN100740,2025-06-04,982.38,ACC2975,Software License,Marketing,0.22252687323539136,False
TXN100741,2025-11-16,449.66,ACC4871,Marketing Campaign,Travel,0.15011165274461705,False
TXN100742,2025-05-14,807.09,ACC7248,Client Refund,Marketing,0.18870542892798525,False
TXN100743,2025-11-13,425.82,ACC5935,Office Supplies,Opex,0.3385133030031368,False
TXN100744,2025-10-18,731.21,ACC8619,Marketing Campaign,Marketing,0.1179125664209224,False
TXN100745,2025-06-05,558.44,ACC9430,Travel Expenses,Travel,0.15278177638687732,False
TXN100746,2025-05-17,1457.02,ACC6719,Marketing Campaign,Salary,0.14556294609724799,False
TXN100747,2025-11-03,1272.58,ACC1462,Client Refund,Capex,0.2787333465693733,False
TXN100748,2025-07-06,1277.49,ACC7209,Travel Expenses,Opex,0.15145106153131654,False
TXN100749,2025-05-11,1216.51,ACC8440,Client Refund,Opex,0.3421171104942414,False
TXN100750,2026-03-02,1054.28,ACC2173,Vendor Payment,Travel,0.3132056925326255,False
TXN100751,2025-11-27,1362.28,ACC1338,Consulting Services,Opex,0.2928871739703753,False
TXN100752,2025-08-03,880.11,ACC2044,Marketing Campaign,Capex,0.3820488301803121,False
TXN100753,2026-01-20,724.5,ACC4279,Salary Payment,Opex,0.2756656682660152,False
TXN100754,2025-09-05,1070.8,ACC4324,Consulting Services,Travel,0.1647479072748232,False
TXN100755,2025-04-27,1009.86,ACC5939,Client Refund,Opex,0.10327999205775595,False
TXN100756,2025-11-23,886.1,ACC8224,Travel Expenses,Marketing,0.13116433209409945,False
TXN100757,2025-08-14,806.78,ACC1438,Consulting Services,Opex,0.21359110152468647,False
TXN100758,2026-03-07,1349.19,ACC1050,Equipment Purchase,Travel,0.17594185282310126,False
TXN100759,2025-09-22,1447.74,ACC5498,Salary Payment,Salary,0.12104534777939208,False
TXN100760,2025-06-19,1039.65,ACC1736,Software License,Capex,0.16356287518740376,False
TXN100761,2025-10-21,1003.79,ACC1061,Marketing Campaign,Travel,0.10027585625435675,False
TXN100762,2025-07-02,711.63,ACC2020,Software License,Capex,0.2948836880023163,False
TXN100763,2025-09-26,1137.69,ACC2149,Software License,Salary,0.35109134299750033,False
TXN100764,2026-01-30,1216.27,ACC5262,Software License,Opex,0.15076400803606818,False
TXN100765,2026-02-21,1283.9,ACC7903,Vendor Payment,Opex,0.18383526550953183,False
TXN100766,2025-08-31,1251.65,ACC3799,Salary Payment,Salary,0.22446415303571143,False
TXN100767,2025-08-04,702.65,ACC9657,Software License,Salary,0.3714213803128189,False
TXN100768,2026-03-22,984.56,ACC5199,Travel Expenses,Marketing,0.19674056556958963,False
TXN100769,2025-08-19,890.72,ACC1202,Salary Payment,Opex,0.2962355015214667,False
TXN100770,2025-07-23,1016.35,ACC9813,Marketing Campaign,Salary,0.31296120746379386,False
TXN100771,2025-06-28,535.0,ACC2178,Office Supplies,Capex,0.2144819621665997,False
TXN100772,2025-12-28,721.71,ACC7024,Client Refund,Capex,0.245921395062728,False
TXN100773,2025-07-05,1119.7,ACC8140,Client Refund,Capex,0.1856532384182349,False
TXN100774,2026-02-20,855.86,ACC9206,Software License,Capex,0.1573486819425336,False
TXN100775,2025-12-17,1189.0,ACC2823,Client Refund,Travel,0.3069579229733706,False
TXN100776,2025-10-04,1057.42,ACC3960,Client Refund,Travel,0.11970014119715025,False
TXN100777,2025-12-22,788.52,ACC3684,Travel Expenses,Capex,0.2628639868933193,False
TXN100778,2025-07-12,1361.74,ACC6291,Vendor Payment,Travel,0.24716659199974098,False
TXN100779,2026-02-13,1001.05,ACC7291,Office Supplies,Opex,0.2726687210976893,False
TXN100780,2026-01-12,531.28,ACC8109,Salary Payment,Marketing,0.23802654339741058,False
TXN100781,2025-12-29,1167.82,ACC9607,Software License,Opex,0.36634357643123505,False
TXN100782,2025-08-21,1114.12,ACC2147,Equipment Purchase,Marketing,0.2935621343139188,False
TXN100783,2025-11-22,854.58,ACC5349,Salary Payment,Marketing,0.265532336154054,False
TXN100784,2025-10-22,522.94,ACC9687,Salary Payment,Salary,0.10596525510657805,False
TXN100785,2026-03-12,969.48,ACC9634,Salary Payment,Capex,0.2233900455794292,False
TXN100786,2025-09-13,840.05,ACC5483,Equipment Purchase,Travel,0.22998800748579828,False
TXN100787,2025-07-03,1535.88,ACC3571,Salary Payment,Travel,0.10778577899290576,False
TXN100788,2026-03-08,1190.4,ACC5861,Vendor Payment,Capex,0.3753940541707146,False
TXN100789,2025-08-31,1095.31,ACC6446,Marketing Campaign,Salary,0.22671206650844616,False
TXN100790,2026-01-31,1094.29,ACC5813,Marketing Campaign,Marketing,0.2236194019527596,False
TXN100791,2026-03-20,879.34,ACC7617,Travel Expenses,Opex,0.2674603510614201,False
TXN100792,2026-03-22,1413.55,ACC9368,Consulting Services,Capex,0.15311340555358194,False
TXN100793,2025-09-23,1349.62,ACC1293,Client Refund,Marketing,0.23517583463603473,False
TXN100794,2025-11-20,1248.37,ACC3753,Vendor Payment,Marketing,0.2887530886231033,False
TXN100795,2025-05-13,879.63,ACC3210,Vendor Payment,Travel,0.10647933468296636,False
TXN100796,2025-06-23,742.06,ACC1911,Vendor Payment,Opex,0.33169572634564143,False
TXN100797,2026-02-21,1220.29,ACC2151,Consulting Services,Opex,0.34026081888127924,False
TXN100798,2025-07-24,734.5,ACC4864,Marketing Campaign,Capex,0.1534728491641486,False
TXN100799,2026-04-15,1110.82,ACC3407,Consulting Services,Travel,0.1532410884618911,False
TXN100800,2025-11-12,24861.86,ACC7520,Salary Payment,Opex,0.8469095680634278,True
TXN100801,2025-12-30,752.59,ACC5195,Travel Expenses,Capex,0.7213171492343977,True
TXN100802,2025-06-26,100000.0,ACC9151,Equipment Purchase,Opex,0.7134266585818991,True
TXN100803,2026-03-02,658.43,ACC2414,Vendor Payment,Opex,0.5094434443070904,False
TXN100804,2025-05-26,819.38,ACC7922,Equipment Purchase,Travel,0.6029994215025527,True
TXN100805,2026-04-10,1068.6,ACC8493,Salary Payment,Travel,0.6505996468496466,True
TXN100806,2025-06-22,25000.0,ACC5104,Travel Expenses,Marketing,0.6841353222500993,True
TXN100807,2026-02-16,373.92,ACC3049,Equipment Purchase,Marketing,0.6511616057347915,True
TXN100808,2025-06-15,965.09,ACC2696,Equipment Purchase,Marketing,0.6496156148682263,True
TXN100809,2026-03-05,50000.0,ACC1203,Marketing Campaign,Opex,0.6876644828936727,True
TXN100810,2025-05-14,20020.91,ACC9845,Travel Expenses,Opex,0.7004252194633097,True
TXN100811,2026-02-09,35100.89,ACC2569,Equipment Purchase,Opex,0.8191873147698644,True
TXN100812,2025-07-28,21933.32,ACC2370,Vendor Payment,Marketing,0.7538371634383867,True
TXN100813,2025-12-18,1022.64,ACC7126,Marketing Campaign,Travel,0.5422931166270847,False
TXN100814,2025-06-22,50000.0,ACC6141,Vendor Payment,Marketing,0.7351842044993446,True
TXN100815,2025-07-26,14894.59,ACC7147,Salary Payment,Salary,0.7727392456522983,True
TXN100816,2025-08-20,1077.06,ACC5947,Software License,Opex,0.7411900731415666,True
TXN100817,2025-05-07,100000.0,ACC2378,Consulting Services,Opex,0.7852578438387854,True
TXN100818,2026-03-31,100000.0,ACC3421,Equipment Purchase,Opex,0.7437416997449708,True
TXN100819,2025-08-16,10000.0,ACC9195,Office Supplies,Opex,0.6081552698917037,True
TXN100820,2026-04-02,1099.96,ACC2602,Marketing Campaign,Travel,0.7153721911132748,True
TXN100821,2025-08-31,25000.0,ACC9065,Software License,Marketing,0.6957390170721509,True
TXN100822,2025-11-27,26068.76,ACC5596,Equipment Purchase,Opex,0.8373214678062917,True
TXN100823,2026-02-06,100000.0,ACC2942,Equipment Purchase,Capex,0.6195604607315525,True
TXN100824,2025-12-03,50000.0,ACC3932,Office Supplies,Marketing,0.73381888922504,True
TXN100825,2025-05-19,732.67,ACC3931,Client Refund,Marketing,0.6059932221585698,True
TXN100826,2025-12-29,33612.24,ACC3094,Software License,Opex,0.7199069032730387,True
TXN100827,2025-11-06,697.98,ACC8838,Vendor Payment,Capex,0.6356047743979139,True
TXN100828,2025-06-29,1243.34,ACC2811,Vendor Payment,Travel,0.6892969909956066,True
TXN100829,2025-11-09,883.65,ACC2403,Travel Expenses,Opex,0.611083042617513,True
TXN100830,2026-03-17,50000.0,ACC6993,Client Refund,Opex,0.6615103371897227,True
TXN100831,2026-02-24,988.0,ACC4802,Office Supplies,Capex,0.5422708933411432,False
TXN100832,2025-07-20,930.82,ACC9114,Vendor Payment,Travel,0.5863871886747816,False
TXN100833,2025-05-07,833.94,ACC9437,Travel Expenses,Opex,0.6979113376182305,True
TXN100834,2025-12-28,46788.68,ACC2006,Client Refund,Marketing,0.8989171487786201,True
TXN100835,2026-03-03,517.89,ACC9557,Client Refund,Salary,0.5007280178502923,False
TXN100836,2025-09-17,50000.0,ACC2805,Vendor Payment,Capex,0.6870489046775121,True
TXN100837,2026-03-27,796.85,ACC8116,Consulting Services,Travel,0.612963218475266,True
TXN100838,2026-02-02,50000.0,ACC3094,Salary Payment,Capex,0.7388711948037514,True
TXN100839,2025-10-13,1160.42,ACC4298,Vendor Payment,Opex,0.7000713359193202,True
TXN100840,2025-10-27,12436.5,ACC6319,Software License,Opex,0.7271383358864649,True
TXN100841,2025-04-18,1128.15,ACC9616,Software License,Salary,0.687760352211862,True
TXN100842,2025-11-06,100000.0,ACC9445,Client Refund,Marketing,0.7437973545018002,True
TXN100843,2025-11-24,1118.46,ACC3204,Consulting Services,Capex,0.672142733434625,True
TXN100844,2025-08-30,40021.42,ACC4291,Travel Expenses,Salary,0.7935381366962714,True
TXN100845,2025-09-28,919.79,ACC7051,Office Supplies,Salary,0.6859677788743542,True
TXN100846,2026-02-09,666.56,ACC5161,Travel Expenses,Capex,0.6212832804577411,True
TXN100847,2026-01-25,1317.8,ACC7556,Travel Expenses,Travel,0.5437393197544604,False
TXN100848,2025-09-27,679.73,ACC8015,Office Supplies,Opex,0.6816175457682555,True
TXN100849,2026-03-26,1105.5,ACC3146,Office Supplies,Marketing,0.658509053084338,True
TXN100850,2025-05-04,10745.95,ACC7001,Salary Payment,Salary,0.728166915972581,True
TXN100851,2026-01-17,10000.0,ACC5130,Software License,Salary,0.650031563268006,True
TXN100852,2025-11-05,862.13,ACC7980,Consulting Services,Marketing,0.5945862534630096,False
TXN100853,2026-01-28,1431.83,ACC6835,Equipment Purchase,Salary,0.6385669613437658,True
TXN100854,2025-10-06,961.69,ACC4839,Software License,Travel,0.6427294315017511,True
TXN100855,2025-09-16,889.73,ACC5980,Vendor Payment,Capex,0.50980869708228,False
TXN100856,2025-08-09,100000.0,ACC5552,Travel Expenses,Opex,0.6427556352194629,True
TXN100857,2025-08-15,14502.83,ACC1620,Marketing Campaign,Travel,0.8334554990704046,True
TXN100858,2025-09-30,30864.97,ACC8095,Software License,Marketing,0.8077806041201183,True
TXN100859,2026-04-08,1232.48,ACC1724,Office Supplies,Opex,0.6007106107944165,True
TXN100860,2026-03-29,22219.38,ACC1870,Marketing Campaign,Capex,0.7265772759349252,True
TXN100861,2025-07-17,1171.39,ACC2768,Equipment Purchase,Salary,0.6544247533576741,True
TXN100862,2025-11-21,11509.35,ACC8222,Marketing Campaign,Marketing,0.801833343294111,True
TXN100863,2026-02-13,14983.6,ACC9786,Marketing Campaign,Capex,0.7661131617051024,True
TXN100864,2025-04-28,19894.24,ACC2181,Office Supplies,Salary,0.8936542551391984,True
TXN100865,2025-10-05,1046.53,ACC3167,Salary Payment,Marketing,0.6093108153518468,True
TXN100866,2025-07-29,895.17,ACC3844,Travel Expenses,Marketing,0.7625472986566875,True
TXN100867,2026-03-12,682.08,ACC4301,Marketing Campaign,Travel,0.6379638549820076,True
TXN100868,2025-06-14,16533.54,ACC5911,Office Supplies,Travel,0.7940743563655835,True
TXN100869,2026-01-30,1087.2,ACC6369,Client Refund,Opex,0.6941751127523943,True
TXN100870,2026-01-12,1455.46,ACC5039,Client Refund,Travel,0.7592778017593175,True
TXN100871,2025-12-29,100000.0,ACC3230,Equipment Purchase,Travel,0.7902402603954501,True
TXN100872,2026-03-24,50000.0,ACC8427,Office Supplies,Capex,0.622567421197692,True
TXN100873,2026-03-12,10000.0,ACC1927,Office Supplies,Marketing,0.6086659806767958,True
TXN100874,2025-09-12,1136.35,ACC6426,Consulting Services,Marketing,0.6949709720213284,True
TXN100875,2026-02-19,50000.0,ACC4212,Client Refund,Opex,0.6906385632073205,True
TXN100876,2025-07-26,695.53,ACC7440,Salary Payment,Travel,0.7641367445207239,True
TXN100877,2025-10-19,833.1,ACC6141,Salary Payment,Travel,0.6343450371574595,True
TXN100878,2025-04-29,22680.96,ACC3717,Consulting Services,Travel,0.8558680348164178,True
TXN100879,2025-05-26,37225.78,ACC7207,Consulting Services,Opex,0.7859891387334333,True
TXN100880,2025-10-12,32301.91,ACC9135,Salary Payment,Opex,0.894222995669293,True
TXN100881,2025-07-20,1327.71,ACC6218,Vendor Payment,Capex,0.6975209172259466,True
TXN100882,2026-03-13,776.77,ACC5836,Salary Payment,Travel,0.7528433896310219,True
TXN100883,2025-11-19,1220.97,ACC7981,Marketing Campaign,Opex,0.6287222233021186,True
TXN100884,2025-09-21,1339.26,ACC6478,Travel Expenses,Travel,0.5488707794740489,False
TXN100885,2026-01-24,1057.28,ACC3452,Consulting Services,Opex,0.7930148972159627,True
TXN100886,2025-04-21,36661.17,ACC1813,Office Supplies,Travel,0.821697601936933,True
TXN100887,2025-12-30,35105.07,ACC2537,Travel Expenses,Travel,0.8788440797850041,True
TXN100888,2025-07-08,1062.9,ACC8942,Client Refund,Marketing,0.5834761895777879,False
TXN100889,2025-11-08,1032.61,ACC5645,Travel Expenses,Marketing,0.6249998282823451,True
TXN100890,2026-04-07,1201.65,ACC3332,Client Refund,Marketing,0.7057599450522164,True
TXN100891,2026-03-06,25000.0,ACC3134,Marketing Campaign,Marketing,0.7885734700957914,True
TXN100892,2025-06-11,50000.0,ACC6522,Equipment Purchase,Opex,0.6276940627824775,True
TXN100893,2026-02-20,1029.62,ACC1431,Software License,Opex,0.5544878052099981,False
TXN100894,2025-05-11,1105.66,ACC1478,Travel Expenses,Opex,0.6238005027936946,True
TXN100895,2026-03-26,1130.32,ACC5037,Client Refund,Travel,0.6512539202000368,True
TXN100896,2025-07-08,1055.85,ACC1606,Equipment Purchase,Travel,0.5103968615103817,False
TXN100897,2025-05-02,11117.95,ACC6204,Office Supplies,Salary,0.7329845510893472,True
TXN100898,2025-06-17,100000.0,ACC9309,Client Refund,Capex,0.7124860225828131,True
TXN100899,2025-07-18,1347.22,ACC3450,Salary Payment,Travel,0.5104780588158645,False
TXN100900,2025-07-30,1146.26,ACC7820,Office Supplies,Capex,0.5747120959237595,False
TXN100901,2026-02-05,743.46,ACC6863,Travel Expenses,Marketing,0.5078599900265025,False
TXN100902,2025-07-24,1050.31,ACC3774,Marketing Campaign,Marketing,0.6661478712927938,True
TXN100903,2025-06-04,229.64,ACC9095,Software License,Capex,0.6398873790170739,True
TXN100904,2025-04-25,821.72,ACC4733,Office Supplies,Marketing,0.6903272846132162,True
TXN100905,2025-07-14,42757.73,ACC2846,Consulting Services,Marketing,0.7598130708272448,True
TXN100906,2025-04-24,1344.65,ACC9263,Equipment Purchase,Opex,0.7098032646769339,True
TXN100907,2025-08-12,861.5,ACC3886,Consulting Services,Salary,0.7220391455549428,True
TXN100908,2026-02-05,626.3,ACC5266,Client Refund,Opex,0.6688243592008463,True
TXN100909,2025-05-19,50000.0,ACC3132,Office Supplies,Capex,0.6011758331649648,True
TXN100910,2025-07-12,404.05,ACC4296,Salary Payment,Opex,0.6386932770501765,True
TXN100911,2025-05-06,1239.39,ACC5638,Travel Expenses,Salary,0.5699414278315805,False
TXN100912,2025-12-01,1370.46,ACC1460,Software License,Opex,0.6241152183156948,True
TXN100913,2025-11-21,1032.04,ACC3445,Client Refund,Capex,0.5208756349722762,False
TXN100914,2025-12-28,10000.0,ACC3404,Vendor Payment,Salary,0.6126245049073106,True
TXN100915,2026-04-03,48525.1,ACC6658,Marketing Campaign,Salary,0.8932806017364849,True
TXN100916,2025-09-13,382.93,ACC2469,Office Supplies,Travel,0.6309402253282195,True
TXN100917,2026-03-14,10000.0,ACC8923,Salary Payment,Salary,0.7266090194869745,True
TXN100918,2026-02-12,1130.13,ACC6011,Salary Payment,Opex,0.6216699929202512,True
TXN100919,2025-11-05,10000.0,ACC2957,Vendor Payment,Marketing,0.648670748764389,True
TXN100920,2025-05-12,925.32,ACC2043,Consulting Services,Opex,0.6133842300950151,True
TXN100921,2025-05-08,10992.32,ACC7961,Client Refund,Travel,0.812358159312843,True
TXN100922,2025-12-08,1011.64,ACC2211,Salary Payment,Opex,0.6778230334871421,True
TXN100923,2025-11-01,100000.0,ACC5899,Vendor Payment,Opex,0.766080457154903,True
TXN100924,2025-05-30,991.47,ACC4729,Salary Payment,Marketing,0.5831410286862616,False
TXN100925,2025-04-26,1040.88,ACC7325,Marketing Campaign,Salary,0.5839869025587691,False
TXN100926,2025-12-18,25000.0,ACC2683,Office Supplies,Salary,0.6878962638274472,True
TXN100927,2026-01-28,894.66,ACC9257,Office Supplies,Travel,0.5263995486210039,False
TXN100928,2026-01-24,42450.72,ACC8635,Marketing Campaign,Marketing,0.711788976013739,True
TXN100929,2025-05-21,18908.89,ACC2148,Travel Expenses,Opex,0.8874693692980077,True
TXN100930,2025-11-05,1016.11,ACC9058,Marketing Campaign,Marketing,0.7356637744024782,True
TXN100931,2025-12-10,25000.0,ACC3682,Salary Payment,Opex,0.6385523375803686,True
TXN100932,2025-09-04,678.08,ACC3590,Salary Payment,Capex,0.6063631944286716,True
TXN100933,2025-09-25,1484.97,ACC8262,Travel Expenses,Marketing,0.6289416281422262,True
TXN100934,2025-11-08,10000.0,ACC2237,Office Supplies,Capex,0.6015072701569929,True
TXN100935,2025-11-01,956.57,ACC3893,Office Supplies,Opex,0.6352933826993419,True
TXN100936,2025-08-11,16630.51,ACC4322,Software License,Salary,0.7069613349412791,True
TXN100937,2025-08-11,1339.28,ACC5504,Vendor Payment,Marketing,0.6970597870182418,True
TXN100938,2025-12-24,46679.92,ACC9147,Office Supplies,Salary,0.723271933806382,True
TXN100939,2025-06-09,1204.14,ACC4637,Marketing Campaign,Travel,0.6857588043213538,True
TXN100940,2025-08-01,49968.64,ACC6451,Client Refund,Salary,0.7746121857678444,True
TXN100941,2025-07-10,10000.0,ACC8069,Consulting Services,Marketing,0.6983924488175454,True
TXN100942,2025-11-13,34355.22,ACC3907,Salary Payment,Opex,0.7114237694659488,True
TXN100943,2025-04-30,33938.45,ACC3305,Marketing Campaign,Salary,0.8842919506166981,True
TXN100944,2025-09-11,100000.0,ACC8992,Travel Expenses,Capex,0.774993401643662,True
TXN100945,2025-09-03,1231.24,ACC5432,Travel Expenses,Capex,0.6186387238639289,True
TXN100946,2025-05-03,25000.0,ACC4594,Travel Expenses,Salary,0.7744897707688188,True
TXN100947,2026-02-04,1030.94,ACC7133,Salary Payment,Capex,0.5861915594402421,False
TXN100948,2026-01-15,48378.17,ACC7848,Office Supplies,Travel,0.7934034553587163,True
TXN100949,2025-05-28,1504.23,ACC7506,Marketing Campaign,Travel,0.684108367748809,True
TXN100950,2026-04-09,19668.3,ACC3950,Salary Payment,Salary,0.7952200025960857,True
TXN100951,2025-12-03,50000.0,ACC6604,Client Refund,Marketing,0.7559825128793914,True
TXN100952,2025-11-29,1141.02,ACC8101,Client Refund,Capex,0.7748474677051473,True
TXN100953,2026-03-06,49344.45,ACC9643,Salary Payment,Salary,0.8519990819841342,True
TXN100954,2025-06-22,1574.54,ACC1239,Travel Expenses,Marketing,0.7788661906863019,True
TXN100955,2025-07-08,46468.67,ACC4793,Client Refund,Salary,0.7929808947871742,True
TXN100956,2025-09-03,1978.04,ACC5015,Salary Payment,Marketing,0.6013720059322787,True
TXN100957,2025-05-24,1484.46,ACC3641,Vendor Payment,Capex,0.5093957077231007,False
TXN100958,2026-03-29,50000.0,ACC2050,Client Refund,Marketing,0.6347355154642154,True
TXN100959,2025-06-30,10000.0,ACC9925,Equipment Purchase,Travel,0.6240500632019639,True
TXN100960,2026-02-14,1660.74,ACC8152,Salary Payment,Capex,0.7368108612248305,True
TXN100961,2025-11-09,655.92,ACC6632,Consulting Services,Capex,0.6046826170638165,True
TXN100962,2026-01-23,100000.0,ACC4924,Office Supplies,Marketing,0.715863737077253,True
TXN100963,2025-09-14,856.44,ACC5980,Software License,Salary,0.6906643115603901,True
TXN100964,2025-11-24,10000.0,ACC6853,Software License,Opex,0.7252333156285745,True
TXN100965,2025-10-12,1160.27,ACC8056,Software License,Marketing,0.6293080130704991,True
TXN100966,2025-11-02,1021.52,ACC1194,Vendor Payment,Travel,0.5815469698237625,False
TXN100967,2026-01-23,10000.0,ACC2296,Office Supplies,Travel,0.6504311550909534,True
TXN100968,2025-06-11,1072.01,ACC2438,Vendor Payment,Salary,0.7679001434139348,True
TXN100969,2025-05-02,1093.23,ACC7934,Marketing Campaign,Opex,0.5371099746581134,False
TXN100970,2026-04-14,1258.76,ACC9723,Software License,Opex,0.5082545504028916,False
TXN100971,2025-06-07,1264.5,ACC3227,Client Refund,Travel,0.6605971465398446,True
TXN100972,2025-11-20,12822.37,ACC3728,Salary Payment,Opex,0.8527643454564391,True
TXN100973,2026-02-18,31831.23,ACC3336,Office Supplies,Salary,0.8721846722158226,True
TXN100974,2025-05-16,1129.25,ACC6322,Vendor Payment,Capex,0.6360716972842356,True
TXN100975,2025-05-23,33036.73,ACC5358,Software License,Capex,0.7146595287743299,True
TXN100976,2025-08-27,45820.03,ACC2971,Office Supplies,Salary,0.7009750363978342,True
TXN100977,2025-12-24,10000.0,ACC9728,Consulting Services,Marketing,0.6604406337977321,True
TXN100978,2025-10-05,46277.05,ACC1181,Marketing Campaign,Travel,0.8891359692601992,True
TXN100979,2026-01-06,100000.0,ACC1334,Office Supplies,Salary,0.7196666068496933,True
TXN100980,2026-03-18,1454.47,ACC7330,Salary Payment,Marketing,0.6138754111946625,True
TXN100981,2025-12-28,30359.38,ACC4227,Marketing Campaign,Capex,0.8657639557681192,True
TXN100982,2025-07-29,50000.0,ACC9292,Client Refund,Opex,0.6466164173644425,True
TXN100983,2025-12-08,1130.65,ACC4812,Client Refund,Capex,0.7734751447691146,True
TXN100984,2026-04-12,10000.0,ACC6795,Marketing Campaign,Marketing,0.7187248807221587,True
TXN100985,2025-10-22,1213.13,ACC1643,Office Supplies,Travel,0.7442039322659102,True
TXN100986,2026-02-10,10000.0,ACC2966,Marketing Campaign,Opex,0.659432744783537,True
TXN100987,2025-11-17,1438.93,ACC6169,Consulting Services,Salary,0.5371389275629749,False
TXN100988,2025-11-25,29189.56,ACC7095,Vendor Payment,Salary,0.71879863878333,True
TXN100989,2025-06-16,1164.18,ACC6994,Office Supplies,Travel,0.612951665270497,True
TXN100990,2025-09-26,1383.79,ACC1562,Equipment Purchase,Opex,0.6332871844431869,True
TXN100991,2026-01-26,1274.67,ACC8496,Software License,Travel,0.6318462438002979,True
TXN100992,2025-12-07,24254.2,ACC2132,Vendor Payment,Capex,0.756680591523576,True
TXN100993,2025-05-12,25000.0,ACC2693,Salary Payment,Marketing,0.6620692935022269,True
TXN100994,2025-06-01,34456.73,ACC1413,Equipment Purchase,Travel,0.710174699734312,True
TXN100995,2025-09-01,724.94,ACC8014,Software License,Opex,0.7486566418012183,True
TXN100996,2025-10-23,14239.68,ACC1537,Vendor Payment,Marketing,0.7041910706027062,True
TXN100997,2025-04-27,25000.0,ACC3957,Client Refund,Salary,0.6180059377902599,True
TXN100998,2025-07-28,40536.72,ACC3702,Vendor Payment,Capex,0.7105527124989677,True
TXN100999,2025-10-13,1532.86,ACC8380,Software License,Opex,0.6271174622211396,True
